"Nu_true","Metric","Mean","SD","SE","N"
3,"Pi1_RMSE",0.0408878206358531,0.112968338029089,0.00505209766276435,500
3,"Pi2_RMSE",0.0312455960944813,0.0537027816528902,0.00240166140713382,500
3,"Eta1_RMSE",0.513215271509225,1.45901554193636,0.065249158639968,500
3,"Psi1_RMSE",0.0766667763886149,0.0783091702756864,0.00350209255996081,500
3,"Loading1_Subspace_Error",0.118468126037053,0.0762042532452673,0.00340795780862053,500
3,"PathMean_RMSE",0.724559044790181,2.00475522610135,0.0896553792762114,500
3,"PathScale_RelFrob",13.9574219370043,80.5301353333689,3.60141713685341,500
3.5,"Pi1_RMSE",0.0164360890105169,0.0385597008238606,0.00172444224468414,500
3.5,"Pi2_RMSE",0.0230934600862859,0.0373463785040562,0.00167018082097013,500
3.5,"Eta1_RMSE",0.185541501506885,0.35846146929185,0.0160308842530206,500
3.5,"Psi1_RMSE",0.0582360123858689,0.026777852001776,0.001197541947348,500
3.5,"Loading1_Subspace_Error",0.101679311790261,0.0263950404667168,0.00118042209504873,500
3.5,"PathMean_RMSE",0.245222818870029,0.468540190706564,0.0209537543322119,500
3.5,"PathScale_RelFrob",0.912621712807445,9.02967629440104,0.403819400181982,500
4,"Pi1_RMSE",0.0125127965277542,0.00972978611550295,0.000435129263215964,500
4,"Pi2_RMSE",0.0212224267473548,0.0207835520468199,0.000929468703811885,500
4,"Eta1_RMSE",0.146514054743602,0.0533033986989817,0.00238380045845394,500
4,"Psi1_RMSE",0.055276432922508,0.00756181910984129,0.000338174831263241,500
4,"Loading1_Subspace_Error",0.0986660858980483,0.00797854068337375,0.000356811186585427,500
4,"PathMean_RMSE",0.186630185986393,0.227108036005669,0.0101565801349029,500
4,"PathScale_RelFrob",0.233052986778599,0.0936357874685767,0.00418751971812921,500
4.5,"Pi1_RMSE",0.0127288983566616,0.00965876233272011,0.000431952983089532,500
4.5,"Pi2_RMSE",0.0209202808098635,0.0193284362679424,0.00086439394787783,500
4.5,"Eta1_RMSE",0.138787675459834,0.0548407881594825,0.00245255460528537,500
4.5,"Psi1_RMSE",0.0542867298276542,0.00690900332334356,0.000308980021755363,500
4.5,"Loading1_Subspace_Error",0.0988276818927414,0.00785116513612541,0.000351114778939056,500
4.5,"PathMean_RMSE",0.176104432820823,0.217185884700535,0.00971284803887657,500
4.5,"PathScale_RelFrob",0.225769062183836,0.0875209928485192,0.00391405778935124,500
5,"Pi1_RMSE",0.0132287475074801,0.0100413892437633,0.000449064578751799,500
5,"Pi2_RMSE",0.0216334868090353,0.020155834657398,0.00090139632874376,500
5,"Eta1_RMSE",0.14108726562396,0.0551472585149624,0.0024662603762442,500
5,"Psi1_RMSE",0.0534438303331474,0.0066795942724453,0.000298720537106119,500
5,"Loading1_Subspace_Error",0.0981501827107448,0.00803397760049742,0.000359290400888457,500
5,"PathMean_RMSE",0.1723840650304,0.200561897766114,0.00896940074202788,500
5,"PathScale_RelFrob",0.232784231221107,0.0955234238426509,0.00427193738311383,500
5.5,"Pi1_RMSE",0.0129267190193839,0.0101357650411685,0.000453285192720375,500
5.5,"Pi2_RMSE",0.0208459307496126,0.0186363408306304,0.00083344249898289,500
5.5,"Eta1_RMSE",0.134575534497789,0.0503565570740396,0.00225201369460801,500
5.5,"Psi1_RMSE",0.0530760901113127,0.00647046132408506,0.00028936782732875,500
5.5,"Loading1_Subspace_Error",0.0988508405202787,0.0078640501873815,0.0003516910159491,500
5.5,"PathMean_RMSE",0.183876801370329,0.220186897812899,0.00984705742528885,500
5.5,"PathScale_RelFrob",0.233085617227419,0.0963713527993257,0.00430985791885814,500
