"Contamination","Method","Estimated_nu","First_layer_ARI","First_layer_MR","Pathway_ARI","Pathway_MR"
"0.00","DGMM","--","0.993 (0.005)","0.002 (0.001)","0.757 (0.103)","0.114 (0.080)"
"0.00","RDMM","196.291 (11.052)","0.994 (0.005)","0.002 (0.001)","0.825 (0.067)","0.075 (0.045)"
"0.10","DGMM","--","0.845 (0.187)","0.049 (0.090)","0.539 (0.153)","0.260 (0.151)"
"0.10","RDMM","8.114 (0.483)","0.957 (0.012)","0.011 (0.003)","0.759 (0.085)","0.109 (0.062)"
"0.20","DGMM","--","0.425 (0.348)","0.240 (0.196)","0.247 (0.190)","0.509 (0.181)"
"0.20","RDMM","5.089 (0.239)","0.920 (0.017)","0.020 (0.004)","0.694 (0.098)","0.144 (0.074)"
"0.30","DGMM","--","0.128 (0.277)","0.413 (0.157)","0.088 (0.151)","0.647 (0.140)"
"0.30","RDMM","3.951 (0.156)","0.885 (0.021)","0.030 (0.006)","0.638 (0.103)","0.174 (0.079)"
"0.40","DGMM","--","0.131 (0.274)","0.411 (0.158)","0.087 (0.143)","0.641 (0.143)"
"0.40","RDMM","3.396 (0.120)","0.850 (0.025)","0.039 (0.007)","0.584 (0.101)","0.205 (0.081)"
"0.50","DGMM","--","0.145 (0.277)","0.401 (0.163)","0.078 (0.134)","0.647 (0.138)"
"0.50","RDMM","3.127 (0.113)","0.817 (0.029)","0.048 (0.008)","0.534 (0.101)","0.234 (0.084)"
