"method","model_id","k1","k2","r1","r2","pathways","seed","logLik","BIC_internal","BIC","ARI","MR","Accuracy","nu","iterations","elapsed_seconds","status","n_successful_starts","n_failed_starts","BIC_rank"
"DGMM",1,2,2,4,2,4,70000,-1559.55536457916,13364.6370526642,-13364.6370526642,0.0657372698169482,0.346153846153846,0.653846153846154,NA,NA,1.90000000000009,"success",10,0,24
"DGMM",2,2,2,5,3,4,100000,-497.443052544584,12977.4146248739,-12977.4146248739,0.0792151438019361,0.336538461538462,0.663461538461538,NA,NA,3.87000000000035,"success",6,4,22
"DGMM",3,2,2,6,2,4,30000,4389.81508011427,4837.72395605397,-4837.72395605397,0.0446521535788293,0.365384615384615,0.634615384615385,NA,NA,3.04999999999973,"success",6,4,15
"DGMM",4,2,2,6,4,4,30000,4403.53733208155,4921.74483369879,-4921.74483369879,0.0446521535788293,0.365384615384615,0.634615384615385,NA,NA,3.25,"success",6,4,16
"DGMM",5,2,2,7,3,4,30000,3956.01444274172,7442.32742707794,-7442.32742707794,0.0565627867965784,0.355769230769231,0.644230769230769,NA,NA,2.34000000000015,"success",2,8,18
"DGMM",6,2,2,7,5,4,30000,4046.56721564499,7391.26482644736,-7391.26482644736,0.0565627867965784,0.355769230769231,0.644230769230769,NA,NA,2.95000000000027,"success",2,8,17
"DGMM",7,2,2,8,2,4,60000,6616.01418983683,3719.99840219235,-3719.99840219235,0.0691925341669089,0.346153846153846,0.653846153846154,NA,NA,4.26000000000022,"success",4,6,7
"DGMM",8,2,2,8,4,4,60000,6396.08376398998,4308.47976265857,-4308.47976265857,0.0691925341669089,0.346153846153846,0.653846153846154,NA,NA,2.46000000000004,"success",4,6,12
"DGMM",9,2,2,9,3,4,60000,7879.73184800561,2929.56528213366,-2929.56528213366,0.0582266334941739,0.355769230769231,0.644230769230769,NA,NA,4.29999999999973,"success",4,6,1
"DGMM",10,2,2,9,5,4,60000,7676.72524327943,3502.77656395511,-3502.77656395511,0.0582266334941739,0.355769230769231,0.644230769230769,NA,NA,3.36000000000013,"success",4,6,3
"DGMM",11,2,2,10,4,4,80000,8442.32835527059,3550.66324568085,-3550.66324568085,0.0966049477208893,0.326923076923077,0.673076923076923,NA,NA,2,"success",3,7,4
"DGMM",12,2,2,11,5,4,30000,9246.36988888488,3698.15993832771,-3698.15993832771,0.0203623991545737,0.394230769230769,0.605769230769231,NA,NA,2.36999999999989,"success",3,7,6
"DGMM",13,2,4,4,2,8,10000,-1419.27091099915,13186.2447452853,-13186.2447452853,0.0657372698169482,0.346153846153846,0.653846153846154,NA,NA,3.2199999999998,"success",10,0,23
"DGMM",14,2,4,5,3,8,100000,-357.061733661509,12845.2724958803,-12845.2724958803,0.0792151438019361,0.336538461538462,0.663461538461538,NA,NA,5.32999999999993,"success",6,4,21
"DGMM",15,2,4,6,2,8,30000,4658.33102055573,4393.57989315388,-4393.57989315388,0.0446521535788293,0.365384615384615,0.634615384615385,NA,NA,7.14999999999964,"success",6,4,13
"DGMM",16,2,4,6,4,8,30000,4704.05079819461,4525.0711010349,-4525.0711010349,0.0446521535788293,0.365384615384615,0.634615384615385,NA,NA,6.44000000000005,"success",6,4,14
"DGMM",17,2,4,7,3,8,30000,3849.0156406825,7795.65675817062,-7795.65675817062,0.0565627867965784,0.355769230769231,0.644230769230769,NA,NA,3.56999999999971,"success",2,8,19
"DGMM",18,2,4,7,5,8,30000,3873.48899844734,8006.79593299286,-8006.79593299286,0.0565627867965784,0.355769230769231,0.644230769230769,NA,NA,3.65000000000009,"success",2,8,20
"DGMM",19,2,4,8,2,8,60000,6669.87409738295,3658.72249609152,-3658.72249609152,0.0691925341669089,0.346153846153846,0.653846153846154,NA,NA,5.11000000000013,"success",4,6,5
"DGMM",20,2,4,8,4,8,60000,6726.4219227851,3842.86786283227,-3842.86786283227,0.0691925341669089,0.346153846153846,0.653846153846154,NA,NA,6.16000000000031,"success",4,6,8
"DGMM",21,2,4,9,3,8,60000,7468.60876531466,3844.6992654984,-3844.6992654984,0.0582266334941739,0.355769230769231,0.644230769230769,NA,NA,4.16000000000031,"success",4,6,9
"DGMM",22,2,4,9,5,8,60000,7470.297627301,4175.71768626389,-4175.71768626389,0.0582266334941739,0.355769230769231,0.644230769230769,NA,NA,3.92000000000007,"success",4,6,11
"DGMM",23,2,4,10,4,8,80000,8746.31711647517,3091.30623204422,-3091.30623204422,0.0966049477208893,0.326923076923077,0.673076923076923,NA,NA,4.28999999999996,"success",4,6,2
"DGMM",24,2,4,11,5,8,30000,9216.34490965005,3971.85187815789,-3971.85187815789,0.0203623991545737,0.394230769230769,0.605769230769231,NA,NA,3.40000000000009,"success",2,8,10
