"sample","tissue","z1_PC1","z1_PC2","z2_PC1","z2_PC2","first_layer","first_confidence","second_layer","second_confidence","pathway","pathway_confidence","pathway_entropy","posterior_w","log10_inverse_precision"
1,"B",-2.73459932735045,1.59145360578652,1.02071142126594,0.0152329775702674,"1",1,"1",0.999999999999982,"1",0.999999999999982,5.73505393034833e-13,0.211726869017612,0.674224024712638
2,"B",1.12204577157341,0.339004704711326,-4.56350309740976,-0.0137503556658673,"2",1,"2",0.999999993421669,"4",0.999999993421669,1.30510697884016e-07,0.000918051576942129,3.03713291906876
3,"B",1.56122231349324,1.10064149038331,1.81530100774599,1.43725592388179,"1",1,"3",0.999999999999627,"5",0.999999999999627,1.10388824178216e-11,0.0957483443008749,1.01886872719966
4,"B",1.62863074185125,1.27157962354168,2.30422926957719,1.54445315098545,"1",1,"3",0.99999999999969,"5",0.99999999999969,9.22713145983867e-12,0.0505753525172494,1.2960610814536
5,"B",1.3725494135389,0.739225356384238,1.64606298469141,0.902571407454846,"1",1,"3",0.999999999895099,"5",0.999999999895099,2.51531472902944e-09,0.147018419054766,0.832628251695809
6,"B",1.81890342856375,0.863047483120569,1.47188352618838,1.3013005423275,"1",1,"3",0.999999999998793,"5",0.999999999998793,3.43444929906099e-11,0.0398370177632736,1.39971318072604
7,"B",-0.537380938525668,-3.80337073553875,1.36256975822287,-0.265711653199295,"1",1,"4",0.999999999999489,"7",0.999999999999489,1.49670746558689e-11,0.0382933361598874,1.41687679576477
8,"B",-1.53500907159452,-5.09493769773094,0.781112563245912,-0.05382789188541,"1",1,"4",1,"7",1,5.14799116904444e-298,57.7753059286261,-1.76174225380952
9,"B",1.10060736043044,0.966925898598816,2.42422669726485,0.969721322154434,"1",1,"3",0.999852745445774,"5",0.999852745445774,0.00144652216942647,0.0220828027481503,1.65594580681204
10,"B",-0.682548942344209,0.62214084868987,6.38048472215856,-0.203761592380108,"1",1,"3",0.922883746868157,"5",0.922883746868157,0.271669135357744,0.0462454896573177,1.33493061778889
11,"B",-0.608286564780754,-0.14767974869874,1.12542892105473,-0.918199988070896,"1",1,"4",1,"7",1,6.40683766850336e-215,59.6408478236648,-1.77554380853217
12,"B",-0.166280448549969,-0.346464083591886,3.05740255255997,-1.86221227361862,"1",1,"2",0.999999999718848,"3",0.999999999718848,6.46429324385091e-09,0.136134935385749,0.866030410444629
13,"B",2.46821312552479,0.508156827265327,-1.99860041364499,1.4304278106119,"1",1,"3",0.999999999962198,"5",0.999999999962198,9.4499007773025e-10,0.103929207304126,0.983262385181333
14,"B",1.41594456481523,0.589502728939617,1.20979214860081,0.664581599745665,"1",1,"3",0.999999999982284,"5",0.999999999982284,4.56298583008152e-10,0.432296361081968,0.364218420188469
15,"B",-0.13628198645581,-0.0201546679369854,3.62715679893359,-0.522324384239588,"1",1,"3",0.999999983796086,"5",0.999999983796086,3.06873898223269e-07,0.0985476215735999,1.00635385286527
16,"B",0.322945942456914,-0.232777211851141,1.80107081640786,-0.588351977436536,"1",1,"3",0.999999999985935,"5",0.999999999985935,3.6667863066032e-10,0.0939303554685623,1.02719403412309
17,"B",0.613971982747084,0.119366607790488,1.76655482296084,0.0960999641983334,"1",1,"3",0.999990127725456,"5",0.999990127725456,0.00012365789308184,0.150795294608511,0.821612209908165
18,"B",-1.0743755395776,-1.35794526131246,0.315363165219458,-1.67874781527259,"1",1,"2",0.999999999999996,"3",0.999999999999996,1.26788494261679e-13,0.0321593772915726,1.49269236917272
19,"B",-1.06143098343482,0.0948019792690765,2.57716307253934,-0.798065415947649,"1",1,"1",0.999999909888966,"1",0.999999909888966,1.55192006498125e-06,0.0611354621845314,1.21370680017578
20,"B",-1.25616224410553,-0.0354844546291488,2.33543395661263,-0.543010460775017,"1",1,"1",0.999999330525223,"1",0.999999330525223,1.01872451454792e-05,0.0434951500997573,1.36155916608763
21,"B",1.74951461588278,0.82465264927842,0.0578507749806165,1.38739560880427,"1",1,"3",0.999999951018548,"5",0.999999951018548,8.73911469703856e-07,0.0313348902371894,1.50397182224904
22,"B",2.36712302603788,1.16544008180017,0.941197596794157,2.41199129925812,"1",1,"3",0.999999999992281,"5",0.999999999992281,2.05235236833718e-10,0.0215349433053971,1.66685626725804
23,"B",-3.87272026340123,1.30297871507228,-0.347169324218199,1.37558444258202,"1",1,"1",0.999989519944017,"1",0.999989519944017,0.000130644706292534,0.0262611908228452,1.58068558456547
24,"B",-0.86452170387831,0.538325783108961,0.0873995014312528,0.48487628576057,"2",1,"4",1,"8",1,1.58560848249908e-312,51.6458639796679,-1.71303554709996
25,"B",0.75476050732517,0.72136828163217,2.75409082476285,0.544071403568424,"1",1,"3",0.988334307019208,"5",0.988334307019208,0.0635225832956061,0.0274528722821973,1.56141221037416
26,"B",1.27525759401325,0.492312154669934,1.69883132586801,0.657988740588742,"1",1,"3",0.999999999999768,"5",0.999999999999768,6.96910031687949e-12,0.0703260067777486,1.15288404181628
27,"B",0.209838941158657,-0.710242979915118,0.920750151538097,-1.17799736685059,"1",1,"3",0.99999999999985,"5",0.99999999999985,4.5816599668758e-12,54.0543323183519,-1.73283050729124
28,"B",0.499619804037599,-0.778368374226685,0.0341475577829203,-1.08820641999025,"1",1,"3",0.999999999999223,"5",0.999999999999223,2.24461414218123e-11,0.846525294802256,0.0723600603206535
29,"B",-2.07187649753408,1.07447170585255,1.65847278556618,-0.370562784319102,"1",1,"1",0.999995809252284,"1",0.999995809252284,5.60832231555074e-05,0.0958153001020731,1.01856513581345
30,"B",-1.79286895910201,0.693595692945444,1.85891486650123,-0.382621114146456,"1",1,"1",0.999993367019291,"1",0.999993367019291,8.57210144959673e-05,0.0892122028831671,1.04957573662892
31,"B",0.543862733597591,0.127488023652636,2.73524814861039,-0.128688951994084,"1",1,"3",0.999999999996726,"5",0.999999999996726,8.9854441479366e-11,0.18350989311237,0.736340517742708
32,"B",-0.149108694926921,0.13813617124117,4.62674191964858,-0.584806416260696,"1",1,"3",0.999999999992856,"5",0.999999999992856,1.90487381422465e-10,0.224004563727689,0.649743133533864
33,"B",-4.53030440001952,2.61982867520164,-1.11631621966749,2.03969772675699,"1",1,"1",0.999997841691373,"1",0.999997841691373,3.03160033222276e-05,0.0188021827040121,1.72579173151908
34,"B",-4.44982297660295,2.84427875202854,-0.733846430183107,1.26293654115065,"1",1,"1",0.999999909947947,"1",0.999999909947947,1.55095554598007e-06,0.0355922224711937,1.44864489266938
35,"B",-3.75004073997367,1.85798232324795,-0.126300197237018,1.00843237504116,"1",1,"1",0.999999998537107,"1",0.999999998537107,3.12225319825425e-08,0.0849768876037286,1.07069917959247
36,"B",-3.35997765380404,1.18304435224291,0.09367381719524,1.15414908876704,"1",1,"1",0.999999999996785,"1",0.999999999996785,8.83153370596945e-11,0.0761333044723892,1.11842531978006
37,"B",-4.48724743318594,2.01583599812966,-0.950745121734776,1.73535270277952,"1",1,"1",0.999998498660859,"1",0.999998498660859,2.16330277909578e-05,0.03454907822169,1.4615635352239
38,"B",-3.25024600407653,1.00765051685942,0.223046150363,1.01501510510823,"1",1,"1",0.999998350515106,"1",0.999998350515106,2.3612454330293e-05,0.0535726242631349,1.27105707912492
39,"B",-0.990094829325071,-2.02961002022526,2.63395762553525,-0.964485333366844,"1",1,"1",0.999999999524984,"1",0.999999999524984,1.0672512814999e-08,0.0936595095934213,1.02844812053887
40,"B",-1.81669459327043,-3.55435078029654,1.54864268068612,0.155021249787953,"1",1,"1",1,"1",1,1.69016221981336e-70,28.2629713360686,-1.4512178180583
41,"B",1.21360962761232,-0.800545753561469,0.685184311902732,-0.136435242713089,"1",1,"3",1,"5",1,8.22182667445373e-20,23.165204787012,-1.36483614384313
42,"B",2.26882461838088,-0.702908143287034,-2.57616250160839,0.322258265608535,"1",1,"3",0.99999999997842,"5",0.99999999997842,5.5157297772864e-10,0.149048872576514,0.826671304674292
43,"B",-1.02613417519435,-1.16735767710817,1.50176987291975,-0.0835319992649477,"1",1,"2",1,"3",1,2.2825494715476e-134,54.5865123915528,-1.73708534751188
44,"B",-0.932562527897255,-1.00231517753711,0.973590339744998,-0.0373087332216238,"1",1,"2",0.999999999998059,"3",0.999999999998059,5.42798125329802e-11,0.162018512867113,0.790435358440883
45,"B",0.696375338280168,-0.070831027411493,-1.33626266730543,-0.493454192246574,"1",1,"3",0.99874099709021,"5",0.99874099709021,0.00966533894650577,0.0135618378264836,1.86768145325531
46,"B",0.242080872856075,0.288199804197885,2.68961239279436,-0.264940597266468,"1",1,"3",0.999999998385621,"5",0.999999998385621,3.42963731362225e-08,0.0621702515329629,1.20641737552783
47,"B",-0.942907117014372,-0.0492127534248976,2.81319816136656,-1.22659345896112,"1",1,"1",0.999537389791793,"1",0.999537389791793,0.00401471384066058,0.0407617464751193,1.38974721651404
48,"B",-0.0476664839111623,-1.12105919028677,0.55663689247643,0.464011060002092,"2",1,"4",1,"8",1,1.20309456784446e-276,65.080244250307,-1.81344917420277
49,"B",2.80349851812138,0.256003691076026,-3.67203732706668,1.59923201203717,"1",1,"3",0.999999999997165,"5",0.999999999997165,7.83938103130805e-11,0.0373306270562519,1.42793471500852
50,"B",2.14750503721811,0.187174114915975,-1.73628953613497,0.882805653063538,"1",1,"3",0.999999999989006,"5",0.999999999989006,2.8840111473049e-10,0.085423746101846,1.06842138730293
51,"B",-0.20547574251538,0.0137082158254055,3.61897278342381,-0.532982975342386,"1",1,"3",0.999999999998881,"5",0.999999999998881,3.1956679796093e-11,0.0840593401112146,1.07541402364753
52,"B",-0.218041602130931,0.265108239504629,4.28319909666543,-0.477320621775061,"1",1,"3",0.999999998968329,"5",0.999999998968329,2.23902877964905e-08,0.11950282674457,0.922621821702882
53,"B",-1.63041990386926,-2.42593364394137,1.2102261081845,-0.231033160204648,"1",1,"4",1,"7",1,3.474730602071e-188,28.6718458090744,-1.45745565244743
54,"B",-1.78483442109381,-1.97186414499925,0.829079800763844,0.0385174410708658,"1",1,"4",1,"7",1,1.15607520093936e-32,0.4225556794693,0.374116056671595
55,"B",0.298878298773164,0.254919557622012,3.59099373738653,-0.206357045687462,"1",1,"3",0.995935708427726,"5",0.995935708427726,0.0264320427273759,0.101140178582943,0.995076283870191
56,"B",1.04071078431545,0.721864050216454,2.99400511158017,0.975182980404218,"1",1,"3",0.999999999981518,"5",0.999999999981518,4.75251149541081e-10,0.109375257787708,0.961080910375142
57,"B",0.591557277590253,0.196760792006221,2.51810135188859,-0.105968882552755,"1",1,"3",0.999999999998899,"5",0.999999999998899,3.14217806464651e-11,0.245416115396109,0.610096922465544
58,"B",1.38703084534584,0.419141711191678,0.814717836957051,0.557801270276206,"1",1,"3",0.99999999999779,"5",0.99999999999779,6.15176092726537e-11,0.199166848586537,0.700782948412828
59,"B",0.255535127520212,0.508780859402715,0.596743252889824,-0.880835479258639,"1",1,"4",0.999996735058325,"7",0.999996735058325,4.45085567379956e-05,0.0864743958976125,1.06311246324537
60,"B",0.215545179710179,0.742844253414095,0.566234647187554,-1.12992917353139,"1",1,"4",1,"7",1,1.58574644345809e-183,16.995860416375,-1.23034315565782
61,"B",1.61627474336707,0.827662386643127,2.32347543854185,1.38568230430702,"1",1,"3",0.999999996032744,"5",0.999999996032744,8.071457416993e-08,0.0746369840036681,1.12704591825711
62,"B",1.91410926323894,0.698942198343318,0.505111835617307,1.30543417488101,"1",1,"3",0.999999999899802,"5",0.999999999899802,2.4500109579582e-09,0.0403561580457071,1.39409018581893
63,"C",-4.99299141721091,-2.95066545337123,0.839413256003849,-0.186949373321916,"1",1,"4",1,"7",1,0,55.6949108044775,-1.74581551275883
64,"C",1.02435695889593,0.0956758851835091,-3.67202130760055,-0.366817634597764,"2",1,"2",0.999999957261927,"4",0.999999957261927,7.6792519638844e-07,0.00174371395074601,2.75852475782185
65,"C",1.01035281671134,0.099368815666256,-3.61156311120292,-0.316206937867342,"2",1,"2",0.999999974661463,"4",0.999999974661463,4.68533354972485e-07,0.00107715122843149,2.96772331892799
66,"C",1.0218106495105,0.0949872606174479,-3.62675894975672,-0.374912810634557,"2",1,"2",0.999999977406475,"4",0.999999977406475,4.20366150213037e-07,0.00130717950583275,2.88366476969593
67,"C",-0.596168155426802,0.232196864763811,1.02278750432036,0.724887657464481,"2",1,"4",1,"8",1,0,55.0519026587887,-1.74077233329748
68,"C",1.03898853319271,0.129547437318946,-3.71280581509023,-0.474790844901122,"2",1,"2",0.999999934079058,"4",0.999999934079058,1.15600821351119e-06,0.00071669076446837,3.14466819196728
69,"C",0.878111243620387,0.0338075752421793,-3.29341188833723,-0.363190926565256,"2",1,"2",0.999976849124518,"4",0.999976849124518,0.000270250966722921,0.00151687097130839,2.81905135977491
70,"C",0.894982964604846,-0.0658959435658371,-3.10678448577588,-0.542592064058461,"2",1,"2",0.999999968446646,"4",0.999999968446646,5.76529815449284e-07,0.0011035914043916,2.95719169079509
71,"C",-0.470652171164151,-0.231064710378355,1.0641528025704,1.99488168842668,"2",1,"2",1,"4",1,8.1240898980386e-58,25.5168777154097,-1.40682753235611
72,"C",1.44396680190513,-1.82468459315444,1.34737287017316,-0.514054140972607,"2",1,"3",0.999999999999994,"6",0.999999999999994,2.06273170914195e-13,16.9841901505396,-1.23004484343231
73,"C",-0.0600474014765058,0.0249748947068754,1.61343815046338,-2.13865144211939,"2",1,"4",1,"8",1,1.34193542641574e-308,15.3233116473975,-1.18535263440661
74,"C",-1.79192745739613,0.58183782395118,-0.861882856866288,-1.47116479346005,"2",1,"1",1,"2",1,9.70688826208856e-53,20.779126378563,-1.31762728446538
75,"C",-0.299201986746006,-0.728160979539125,0.409540665525883,-0.663893499752373,"2",1,"3",1,"6",1,1.85765485085016e-26,18.1560228903741,-1.25902072161195
76,"C",-0.390658655649716,-0.179508140432725,0.405265917986928,-2.56302037542603,"2",1,"4",1,"8",1,3.36403994542588e-313,13.2017044992096,-1.12063000747942
77,"C",0.785688518314215,-0.0132221973759919,-2.87832144523256,-0.396553034728829,"2",1,"2",0.999909518878804,"4",0.999909518878804,0.00093706852767175,0.000595415631841031,3.22517976771888
78,"C",1.02372947480714,0.126073852803036,-3.41158754512789,-0.434590656512689,"2",1,"2",0.9999985053744,"4",0.9999985053744,2.18079072552812e-05,0.000340745629675312,3.46756970561821
79,"C",0.983876590023714,0.14599827430871,-3.65825270599197,-0.456560534687189,"2",1,"2",0.999999843957314,"4",0.999999843957314,2.70977811322664e-06,0.000325960676992367,3.48683478887468
80,"C",0.920511507053499,0.0685480621771323,-3.49250628019537,-0.266872859764607,"2",1,"2",0.999999907417771,"4",0.999999907417771,1.59196702906868e-06,0.00126823928246444,2.89679879909628
81,"C",0.943800025503145,0.114715574667839,-3.50227014073929,-0.193440942125141,"2",1,"2",0.999999944095812,"4",0.999999944095812,1.00508088889234e-06,0.000575449750350541,3.23999259401208
82,"C",-2.71791694563415,-0.656921470354177,1.17004130607741,0.434343905209171,"1",1,"4",1,"7",1,0,64.3701649660084,-1.80868462212781
83,"C",1.00265732191122,0.188703101182269,-3.66815922282513,-0.297291712411833,"2",1,"2",0.999999838947609,"4",0.999999838947609,2.69134350195825e-06,0.000483958280904003,3.31519207462438
84,"C",0.924750769079179,0.0674608769113763,-3.65051556606387,-0.271782368653928,"2",1,"2",0.999999947037372,"4",0.999999947037372,9.40281517940907e-07,0.00174387266704384,2.75848522927679
85,"C",1.13370270278229,0.256374196022284,-4.26183525844426,-0.438681753383262,"2",1,"2",0.999999806042039,"4",0.999999806042039,3.19170002118625e-06,0.000611212325833882,3.21380789627192
86,"C",1.02848972543678,0.0963259567118966,-3.48951507969854,-0.52947206569494,"2",1,"2",0.999999657182195,"4",0.999999657182195,5.44604741155543e-06,0.000582687248943251,3.23456448555525
87,"C",0.675478543897916,-0.112036286975589,-2.11412863338908,-0.49880073130037,"2",1,"2",0.999719971660255,"4",0.999719971660255,0.00257224007758546,0.000276454397692741,3.55837649713961
88,"C",0.72579931043079,-0.128114246884901,-2.5491601630687,-0.4538749935695,"2",1,"2",0.999999917711753,"4",0.999999917711753,1.42547436425543e-06,0.000686610272703254,3.16328970317511
89,"C",1.02546544576809,0.106827254035314,-3.75947290455526,-0.523633504853865,"2",1,"2",0.999999700236232,"4",0.999999700236232,4.80229678721809e-06,0.0015300667824059,2.81528961323638
90,"C",1.89923221285415,1.43220025113123,1.05045932436508,0.740874516962379,"2",1,"4",1,"8",1,0,58.0285178559349,-1.76364147810875
91,"C",-1.1389175464905,-1.70965487022756,0.987859609727974,0.56618447552058,"2",1,"4",1,"8",1,0,61.0911703565062,-1.78597844522538
92,"C",-0.0576978865985603,-0.843145903109594,7.37784093894166,-0.996454792369099,"2",1,"3",0.999923847369737,"6",0.999923847369737,0.000800226606023596,0.00122790535066836,2.9108351081677
93,"C",1.09665372964577,0.273250633379164,-4.56054362909483,-0.306239869879412,"2",1,"2",0.99999994389758,"4",0.99999994389758,9.92793292612478e-07,0.000664795361753207,3.17731201926609
94,"C",1.08248619203718,0.200461191346748,-4.34183317659921,-0.401793797048884,"2",1,"2",0.999998557970266,"4",0.999998557970266,2.08365483298023e-05,0.000617616374457262,3.20928119835535
95,"C",1.24685598722136,0.597864167277894,-5.43955082314155,0.17943951602109,"2",1,"2",0.999999994807761,"4",0.999999994807761,1.04239952693421e-07,0.000465143939844227,3.33241263290189
96,"C",-3.26996194484591,1.6370105120556,0.387204443429396,0.618065560412462,"1",1,"1",0.999999545119556,"1",0.999999545119556,7.09760500705389e-06,0.0610215797625084,1.21451655327737
97,"C",0.759566691850664,-0.00248488655777993,-2.90284693079148,-0.191797040962547,"2",1,"2",0.999999879143364,"4",0.999999879143364,2.07088886883942e-06,0.000539091907963142,3.26833718709796
98,"C",0.846272491466756,0.0917399037487411,-3.4455851688118,-0.100461811689301,"2",1,"2",0.999999880568932,"4",0.999999880568932,2.02322681002907e-06,0.000666768642403272,3.1760248328864
99,"C",0.496329658584103,-1.36179544756718,1.21460408370139,0.338158178482416,"2",1,"4",1,"8",1,3.04542534969984e-282,69.8698771433926,-1.84428997960766
100,"C",0.419718599346436,-1.5174323544812,5.52444866031006,-0.490492692695136,"2",1,"3",0.999999999922026,"6",0.999999999922026,1.89278082942872e-09,0.00302840099726704,2.5187866194725
101,"C",0.994083890408494,0.0880467551772356,-3.54799550075895,-0.38833524816877,"2",1,"2",0.99999974448128,"4",0.99999974448128,4.13428523633447e-06,0.00106292031689954,2.97349929166479
102,"C",1.0440830522138,0.107038509773434,-3.69231691184151,-0.528199996268043,"2",1,"2",0.999999403358374,"4",0.999999403358374,9.14769106898498e-06,0.000845675012063178,3.07279650171736
103,"C",0.919444094979478,0.00767772560733829,-3.33692028317838,-0.295304724559819,"2",1,"2",0.999999852400515,"4",0.999999852400515,2.46915684641536e-06,0.00162804158427354,2.78833450633264
104,"C",0.944270434650927,0.0551407499152194,-3.63441781801219,-0.333014196583995,"2",1,"2",0.999999698364037,"4",0.999999698364037,4.83041182912979e-06,0.00155948236873354,2.80701953094532
