"method","model_id","k1","k2","r1","r2","pathways","seed","logLik","BIC_internal","BIC","ARI","MR","Accuracy","nu","iterations","elapsed_seconds","status"
"RDMM",1,2,2,4,2,4,10000,7521.53854819054,-4802.19516377435,4802.19516377435,0.0657372698169482,0.346153846153846,0.653846153846154,"2.0500657",35,16.1099999999997,"success"
"RDMM",1,2,2,4,2,4,20000,7321.66738011878,-4402.45282763084,4402.45282763084,0.0657372698169482,0.346153846153846,0.653846153846154,"2.0500657",19,8.71000000000004,"success"
"RDMM",1,2,2,4,2,4,30000,7437.69604013031,-4634.51014765389,4634.51014765389,0.0657372698169482,0.346153846153846,0.653846153846154,"2.0500657",24,11.1799999999998,"success"
"RDMM",1,2,2,4,2,4,40000,7415.89494483945,-4590.90795707218,4590.90795707218,0.0657372698169482,0.346153846153846,0.653846153846154,"2.0500657",24,11.6900000000001,"success"
"RDMM",1,2,2,4,2,4,50000,7406.51804660841,-4572.1541606101,4572.1541606101,0.0657372698169482,0.346153846153846,0.653846153846154,"2.0500657",22,11.3899999999999,"success"
"RDMM",1,2,2,4,2,4,60000,7458.68831689371,-4676.49470118069,4676.49470118069,0.0657372698169482,0.346153846153846,0.653846153846154,"2.0500657",28,13.5,"success"
"RDMM",1,2,2,4,2,4,70000,7508.31786055804,-4775.75378850935,4775.75378850935,0.0657372698169482,0.346153846153846,0.653846153846154,"2.0500657",31,14.6900000000001,"success"
"RDMM",1,2,2,4,2,4,80000,7365.9003454146,-4490.91875822247,4490.91875822247,0.0657372698169482,0.346153846153846,0.653846153846154,"2.0500657",18,8.25,"success"
"RDMM",1,2,2,4,2,4,90000,7448.53708939144,-4656.19224617615,4656.19224617615,0.0657372698169482,0.346153846153846,0.653846153846154,"2.0500657",28,13.04,"success"
"RDMM",1,2,2,4,2,4,100000,7421.31803837022,-4601.75414413371,4601.75414413371,0.0657372698169482,0.346153846153846,0.653846153846154,"2.0500657",30,14.0799999999999,"success"
"RDMM",2,2,2,5,3,4,10000,9990.48813310054,-8021.66970091205,8021.66970091205,0.0657372698169482,0.346153846153846,0.653846153846154,"2.0500657",39,18.46,"success"
"RDMM",2,2,2,5,3,4,20000,10003.8066122591,-8048.30665922919,8048.30665922919,0.0657372698169482,0.346153846153846,0.653846153846154,"2.0500657",38,16.4200000000001,"success"
"RDMM",2,2,2,5,3,4,30000,16112.723993375,-20266.1414214609,20266.1414214609,0.850520665880756,0.0384615384615384,0.961538461538462,"2.0500657",33,15.5900000000001,"success"
"RDMM",2,2,2,5,3,4,40000,17981.1812848309,-24003.0560043727,24003.0560043727,0.886744844901094,0.0288461538461539,0.971153846153846,"2.0500657",25,11.8299999999999,"success"
"RDMM",2,2,2,5,3,4,50000,9256.56740676989,-6553.82824825074,6553.82824825074,0.0548133919192545,0.355769230769231,0.644230769230769,"2.0500657",20,9.09000000000015,"success"
"RDMM",2,2,2,5,3,4,60000,14167.7074891732,-16376.1084130573,16376.1084130573,0.815055609858455,0.0480769230769231,0.951923076923077,"2.0500657",44,20.1899999999996,"success"
"RDMM",2,2,2,5,3,4,70000,18400.7668324293,-24842.2270995696,24842.2270995696,0.886744844901094,0.0288461538461539,0.971153846153846,"2.0500657",23,10.8299999999999,"success"
"RDMM",2,2,2,5,3,4,80000,15545.8290785018,-19132.3515917146,19132.3515917146,0.815055609858455,0.0480769230769231,0.951923076923077,"2.0500657",34,15.5299999999997,"success"
"RDMM",2,2,2,5,3,4,90000,10001.8102762303,-8044.31398717158,8044.31398717158,0.0657372698169482,0.346153846153846,0.653846153846154,"2.0500657",51,22.21,"success"
"RDMM",2,2,2,5,3,4,100000,17592.7782963319,-23226.2500273748,23226.2500273748,0.886744844901094,0.0288461538461539,0.971153846153846,"2.0500657",23,11.9700000000003,"success"
"RDMM",3,2,2,6,2,4,10000,17814.1868622201,-22015.6639990569,22015.6639990569,0.923765539599186,0.0192307692307693,0.980769230769231,"2.0500657",40,19.25,"success"
"RDMM",3,2,2,6,2,4,20000,17152.8446927455,-20692.9796601076,20692.9796601076,0.850520665880756,0.0384615384615384,0.961538461538462,"2.0500657",30,14.2200000000003,"success"
"RDMM",3,2,2,6,2,4,30000,17750.3307155072,-21887.9517056311,21887.9517056311,0.850520665880756,0.0384615384615384,0.961538461538462,"2.0500657",26,12.4099999999999,"success"
"RDMM",3,2,2,6,2,4,40000,16224.332384837,-18835.9550442906,18835.9550442906,0.850520665880756,0.0384615384615384,0.961538461538462,"2.0500657",45,21.3599999999997,"success"
"RDMM",3,2,2,6,2,4,50000,15311.155520029,-17009.6013146747,17009.6013146747,0.850520665880756,0.0384615384615384,0.961538461538462,"2.0500657",51,24.7600000000002,"success"
"RDMM",3,2,2,6,2,4,60000,16153.9229784069,-18695.1362314305,18695.1362314305,0.815055609858455,0.0480769230769231,0.951923076923077,"2.0500657",38,17.5600000000004,"success"
"RDMM",3,2,2,6,2,4,70000,20048.6822874609,-26484.6548495384,26484.6548495384,0.886744844901094,0.0288461538461539,0.971153846153846,"2.0500657",30,14.54,"success"
"RDMM",3,2,2,6,2,4,80000,20626.0060223834,-27639.3023193834,27639.3023193834,0.886744844901094,0.0288461538461539,0.971153846153846,"2.0500657",33,15.9499999999998,"success"
"RDMM",3,2,2,6,2,4,90000,20528.9820768217,-27445.25442826,27445.25442826,0.886744844901094,0.0288461538461539,0.971153846153846,"2.0500657",45,23.1099999999997,"success"
"RDMM",3,2,2,6,2,4,100000,20439.5934053148,-27266.4770852463,27266.4770852463,0.886744844901094,0.0288461538461539,0.971153846153846,"2.0500657",25,12.7200000000003,"success"
"RDMM",4,2,2,6,4,4,10000,16699.1455509896,-19720.5599040078,19720.5599040078,0.850520665880756,0.0384615384615384,0.961538461538462,"2.0500657",45,20.96,"success"
"RDMM",4,2,2,6,4,4,20000,17244.5339168203,-20811.3366356694,20811.3366356694,0.850520665880756,0.0384615384615384,0.961538461538462,"2.0500657",41,20.6300000000001,"success"
"RDMM",4,2,2,6,4,4,30000,17201.8766141885,-20726.0220304057,20726.0220304057,0.850520665880756,0.0384615384615384,0.961538461538462,"2.0500657",28,13.5,"success"
"RDMM",4,2,2,6,4,4,40000,16267.9747585549,-18858.2183191385,18858.2183191385,0.850520665880756,0.0384615384615384,0.961538461538462,"2.0500657",50,22.6899999999996,"success"
"RDMM",4,2,2,6,4,4,50000,14887.605339797,-16097.4794816227,16097.4794816227,0.815055609858455,0.0480769230769231,0.951923076923077,"2.0500657",42,18.5900000000001,"success"
"RDMM",4,2,2,6,4,4,60000,18919.5278440644,-24161.3244901575,24161.3244901575,0.815055609858455,0.0480769230769231,0.951923076923077,"2.0500657",37,16.6199999999999,"success"
"RDMM",4,2,2,6,4,4,70000,20183.12912619,-26688.5270544086,26688.5270544086,0.886744844901094,0.0288461538461539,0.971153846153846,"2.0500657",38,17.9700000000003,"success"
"RDMM",4,2,2,6,4,4,80000,16764.0997853633,-19850.4683727552,19850.4683727552,0.815055609858455,0.0480769230769231,0.951923076923077,"2.0500657",25,11.0900000000001,"success"
"RDMM",4,2,2,6,4,4,90000,20151.6847114207,-26625.63822487,26625.63822487,0.886744844901094,0.0288461538461539,0.971153846153846,"2.0500657",35,15.9700000000003,"success"
"RDMM",4,2,2,6,4,4,100000,17439.5800735042,-21201.428949037,21201.428949037,0.850520665880756,0.0384615384615384,0.961538461538462,"2.0500657",47,21.2699999999995,"success"
"RDMM",5,2,2,7,3,4,10000,18861.6794046108,-22392.2244511559,22392.2244511559,0.886791615731539,0.0288461538461539,0.971153846153846,"2.0500657",32,14.71,"success"
"RDMM",5,2,2,7,3,4,20000,18128.6085144445,-20926.0826708233,20926.0826708233,0.780347033675591,0.0576923076923077,0.942307692307692,"2.0500657",39,18.7200000000003,"success"
"RDMM",5,2,2,7,3,4,30000,18708.8537050609,-22086.573052056,22086.573052056,0.815055609858455,0.0480769230769231,0.951923076923077,"2.0500657",38,18.3899999999994,"success"
"RDMM",5,2,2,7,3,4,40000,20718.8062299607,-26106.4781018558,26106.4781018558,0.850520665880756,0.0384615384615384,0.961538461538462,"2.0500657",27,13.4200000000001,"success"
"RDMM",5,2,2,7,3,4,50000,18048.086875328,-20765.0393925904,20765.0393925904,0.815055609858455,0.0480769230769231,0.951923076923077,"2.0500657",34,15.4900000000007,"success"
"RDMM",5,2,2,7,3,4,60000,21214.408669539,-27097.6829810123,27097.6829810123,0.850520665880756,0.0384615384615384,0.961538461538462,"2.0500657",31,14.3099999999995,"success"
"RDMM",5,2,2,7,3,4,70000,20919.4965794481,-26507.8588008305,26507.8588008305,0.850520665880756,0.0384615384615384,0.961538461538462,"2.0500657",49,22.2700000000004,"success"
"RDMM",5,2,2,7,3,4,80000,21176.8825158427,-27022.6306736197,27022.6306736197,0.850520665880756,0.0384615384615384,0.961538461538462,"2.0500657",21,9.47999999999956,"success"
"RDMM",5,2,2,7,3,4,90000,21193.8361111461,-27056.5378642265,27056.5378642265,0.850520665880756,0.0384615384615384,0.961538461538462,"2.0500657",30,14.1300000000001,"success"
"RDMM",5,2,2,7,3,4,100000,16561.1807202641,-17791.2270824625,17791.2270824625,0.780347033675591,0.0576923076923077,0.942307692307692,"2.0500657",47,20.8199999999997,"success"
"RDMM",6,2,2,7,5,4,10000,19467.8414129319,-23539.5269952102,23539.5269952102,0.923793868826225,0.0192307692307693,0.980769230769231,"2.0500657",49,24.1099999999997,"success"
"RDMM",6,2,2,7,5,4,20000,18328.3933035823,-21260.630776511,21260.630776511,0.780347033675591,0.0576923076923077,0.942307692307692,"2.0500657",41,19.6199999999999,"success"
"RDMM",6,2,2,7,5,4,30000,17866.3760064749,-20336.5961822962,20336.5961822962,0.815055609858455,0.0480769230769231,0.951923076923077,"2.0500657",39,18.8800000000001,"success"
"RDMM",6,2,2,7,5,4,40000,21102.401559053,-26808.6472874523,26808.6472874523,0.850520665880756,0.0384615384615384,0.961538461538462,"2.0500657",38,19.0299999999997,"success"
"RDMM",6,2,2,7,5,4,50000,17680.5403660817,-19964.9249015097,19964.9249015097,0.815055609858455,0.0480769230769231,0.951923076923077,"2.0500657",35,17,"success"
"RDMM",6,2,2,7,5,4,60000,21679.3202468843,-27962.484663115,27962.484663115,0.850520665880756,0.0384615384615384,0.961538461538462,"2.0500657",36,18.1800000000003,"success"
"RDMM",6,2,2,7,5,4,70000,21201.7790902792,-27007.4023499048,27007.4023499048,0.850520665880756,0.0384615384615384,0.961538461538462,"2.0500657",48,22.9100000000008,"success"
"RDMM",6,2,2,7,5,4,80000,21670.1417383507,-27944.1276460477,27944.1276460477,0.850520665880756,0.0384615384615384,0.961538461538462,"2.0500657",39,18.1199999999999,"success"
"RDMM",6,2,2,7,5,4,90000,21026.1157565401,-26656.0756824265,26656.0756824265,0.850520665880756,0.0384615384615384,0.961538461538462,"2.0500657",26,12.1700000000001,"success"
"RDMM",6,2,2,7,5,4,100000,16898.9415021889,-18401.7271737242,18401.7271737242,0.780347033675591,0.0576923076923077,0.942307692307692,"2.0500657",37,16.4399999999996,"success"
"RDMM",7,2,2,8,2,4,10000,22601.6889375339,-28255.9954841009,28255.9954841009,0.886791615731539,0.0288461538461539,0.971153846153846,"2.0500657",28,12.6899999999996,"success"
"RDMM",7,2,2,8,2,4,20000,18674.0200957968,-20400.6578006267,20400.6578006267,0.746392389827478,0.0673076923076923,0.932692307692308,"2.0500657",43,18.6599999999999,"success"
"RDMM",7,2,2,8,2,4,30000,22387.5292867183,-27827.6761824698,27827.6761824698,0.780265378844711,0.0576923076923077,0.942307692307692,"2.0500657",23,10.3599999999997,"success"
"RDMM",7,2,2,8,2,4,40000,22201.5254661356,-27455.6685413042,27455.6685413042,0.815055609858455,0.0480769230769231,0.951923076923077,"2.0500657",30,13.4300000000003,"success"
"RDMM",7,2,2,8,2,4,50000,23178.4864681729,-29409.5905453789,29409.5905453789,0.815055609858455,0.0480769230769231,0.951923076923077,"2.0500657",68,30.1599999999999,"success"
"RDMM",7,2,2,8,2,4,60000,21654.9950793699,-26362.607767773,26362.607767773,0.780265378844711,0.0576923076923077,0.942307692307692,"2.0500657",30,13.5600000000004,"success"
"RDMM",7,2,2,8,2,4,70000,22594.9199085512,-28242.4574261355,28242.4574261355,0.815055609858455,0.0480769230769231,0.951923076923077,"2.0500657",81,37.1399999999994,"success"
"RDMM",7,2,2,8,2,4,80000,22751.1584900999,-28554.9345892329,28554.9345892329,0.815055609858455,0.0480769230769231,0.951923076923077,"2.0500657",34,15.5800000000008,"success"
"RDMM",7,2,2,8,2,4,90000,22427.9853921928,-27908.5883934187,27908.5883934187,0.815055609858455,0.0480769230769231,0.951923076923077,"2.0500657",31,14.1199999999999,"success"
"RDMM",7,2,2,8,2,4,100000,21472.2833499482,-25997.1843089296,25997.1843089296,0.780347033675591,0.0576923076923077,0.942307692307692,"2.0500657",78,33.9699999999993,"success"
"RDMM",8,2,2,8,4,4,10000,21444.3345006869,-25839.1100106258,25839.1100106258,0.886791615731539,0.0288461538461539,0.971153846153846,"2.0500657",26,11.7699999999995,"success"
"RDMM",8,2,2,8,4,4,20000,18604.5528327803,-20159.5466748126,20159.5466748126,0.746392389827478,0.0673076923076923,0.932692307692308,"2.0500657",41,17.7800000000007,"success"
"RDMM",8,2,2,8,4,4,30000,21413.6734886381,-25777.7879865282,25777.7879865282,0.780265378844711,0.0576923076923077,0.942307692307692,"2.0500657",31,13.75,"success"
"RDMM",8,2,2,8,4,4,40000,21399.2342744615,-25748.9095581751,25748.9095581751,0.815055609858455,0.0480769230769231,0.951923076923077,"2.0500657",34,15.1700000000001,"success"
"RDMM",8,2,2,8,4,4,50000,21763.9084903331,-26478.2579899181,26478.2579899181,0.815055609858455,0.0480769230769231,0.951923076923077,"2.0500657",50,21.96,"success"
"RDMM",8,2,2,8,4,4,60000,20809.3201186619,-24569.0812465757,24569.0812465757,0.780265378844711,0.0576923076923077,0.942307692307692,"2.0500657",31,13.9200000000001,"success"
"RDMM",8,2,2,8,4,4,70000,20990.53957545,-24931.520160152,24931.520160152,0.780347033675591,0.0576923076923077,0.942307692307692,"2.0500657",47,20.8399999999992,"success"
"RDMM",8,2,2,8,4,4,80000,21750.7309165611,-26451.9028423742,26451.9028423742,0.815055609858455,0.0480769230769231,0.951923076923077,"2.0500657",39,17.5300000000007,"success"
"RDMM",8,2,2,8,4,4,90000,22306.2714354487,-27562.9838801495,27562.9838801495,0.815055609858455,0.0480769230769231,0.951923076923077,"2.0500657",27,12.2999999999993,"success"
"RDMM",8,2,2,8,4,4,100000,20697.5204839988,-24345.4819772496,24345.4819772496,0.746308604230083,0.0673076923076923,0.932692307692308,"2.0500657",62,26.9200000000001,"success"
"RDMM",9,2,2,9,3,4,10000,23660.7828102964,-28655.7585969437,28655.7585969437,0.815055609858455,0.0480769230769231,0.951923076923077,"2.0500657",58,25.6400000000003,"success"
"RDMM",9,2,2,9,3,4,20000,20430.0344278184,-22194.2618319877,22194.2618319877,0.680656102065528,0.0865384615384616,0.913461538461538,"2.0500657",80,34.4400000000005,"success"
"RDMM",9,2,2,9,3,4,30000,23415.1410774718,-28164.4751312945,28164.4751312945,0.746308604230083,0.0673076923076923,0.932692307692308,"2.0500657",59,25.8899999999994,"success"
"RDMM",9,2,2,9,3,4,40000,24732.7740963372,-30799.7411690252,30799.7411690252,0.780265378844711,0.0576923076923077,0.942307692307692,"2.0500657",84,36.6999999999998,"success"
"RDMM",9,2,2,9,3,4,50000,23101.9942259025,-27538.1814281559,27538.1814281559,0.746308604230083,0.0673076923076923,0.932692307692308,"2.0500657",53,22.9100000000008,"success"
"RDMM",9,2,2,9,3,4,60000,21974.3705229985,-25282.9340223479,25282.9340223479,0.746308604230083,0.0673076923076923,0.932692307692308,"2.0500657",31,13.5799999999999,"success"
"RDMM",9,2,2,9,3,4,70000,23363.429539041,-28061.0520544328,28061.0520544328,0.746308604230083,0.0673076923076923,0.932692307692308,"2.0500657",69,29.7299999999996,"success"
"RDMM",9,2,2,9,3,4,80000,24141.8732534151,-29617.9394831811,29617.9394831811,0.780265378844711,0.0576923076923077,0.942307692307692,"2.0500657",67,29.7700000000004,"success"
"RDMM",9,2,2,9,3,4,90000,22325.3889472497,-25984.9708708502,25984.9708708502,0.746308604230083,0.0673076923076923,0.932692307692308,"2.0500657",50,22.3899999999994,"success"
"RDMM",9,2,2,9,3,4,100000,22783.9400930613,-26902.0731624735,26902.0731624735,0.713106329698731,0.0769230769230769,0.923076923076923,"2.0500657",92,40.25,"success"
"RDMM",10,2,2,9,5,4,10000,22322.7474065215,-25877.5111896127,25877.5111896127,0.815055609858455,0.0480769230769231,0.951923076923077,"2.0500657",52,22.8000000000002,"success"
"RDMM",10,2,2,9,5,4,20000,19945.2535783378,-21122.5235332454,21122.5235332454,0.680656102065528,0.0865384615384616,0.913461538461538,"2.0500657",38,16.4299999999994,"success"
"RDMM",10,2,2,9,5,4,30000,23048.4241648105,-27328.8647061906,27328.8647061906,0.746308604230083,0.0673076923076923,0.932692307692308,"2.0500657",67,29.9099999999999,"success"
"RDMM",10,2,2,9,5,4,40000,22975.6823070022,-27183.380990574,27183.380990574,0.780265378844711,0.0576923076923077,0.942307692307692,"2.0500657",25,10.9500000000007,"success"
"RDMM",10,2,2,9,5,4,50000,22119.6444383111,-25471.305253192,25471.305253192,0.746308604230083,0.0673076923076923,0.932692307692308,"2.0500657",32,14.0299999999997,"success"
"RDMM",10,2,2,9,5,4,60000,21908.932908502,-25049.8821935737,25049.8821935737,0.746308604230083,0.0673076923076923,0.932692307692308,"2.0500657",37,16.1700000000001,"success"
"RDMM",10,2,2,9,5,4,70000,21616.8528577926,-24465.7220921549,24465.7220921549,0.713106329698731,0.0769230769230769,0.923076923076923,"2.0500657",43,18.8400000000001,"success"
"RDMM",10,2,2,9,5,4,80000,23992.1696556986,-29216.3556879669,29216.3556879669,0.780265378844711,0.0576923076923077,0.942307692307692,"2.0500657",52,23.0199999999995,"success"
"RDMM",10,2,2,9,5,4,90000,22122.21734036,-25476.4510572897,25476.4510572897,0.746308604230083,0.0673076923076923,0.932692307692308,"2.0500657",53,23.9000000000005,"success"
"RDMM",10,2,2,9,5,4,100000,21157.2696392105,-23546.5556549908,23546.5556549908,0.713106329698731,0.0769230769230769,0.923076923076923,"2.0500657",43,18.5999999999995,"success"
"RDMM",11,2,2,10,4,4,10000,24263.8884968606,-28143.5453373896,28143.5453373896,0.780347033675591,0.0576923076923077,0.942307692307692,"2.0500657",46,20.4700000000003,"success"
"RDMM",11,2,2,10,4,4,20000,21775.694989483,-23167.1583226346,23167.1583226346,0.617907827383667,0.105769230769231,0.894230769230769,"2.0500657",84,36.2299999999996,"success"
"RDMM",11,2,2,10,4,4,30000,25211.9859050247,-30039.740153718,30039.740153718,0.713106329698731,0.0769230769230769,0.923076923076923,"2.0500657",89,38.3500000000004,"success"
"RDMM",11,2,2,10,4,4,40000,25502.5244813996,-30620.8173064678,30620.8173064678,0.780265378844711,0.0576923076923077,0.942307692307692,"2.0500657",50,21.7599999999993,"success"
"RDMM",11,2,2,10,4,4,50000,22335.1246418255,-24286.0176273194,24286.0176273194,0.617907827383667,0.105769230769231,0.894230769230769,"2.0500657",70,30.3299999999999,"success"
"RDMM",11,2,2,10,4,4,60000,24472.2465706954,-28560.2614850592,28560.2614850592,0.712999678491051,0.0769230769230769,0.923076923076923,"2.0500657",66,29.0699999999997,"success"
"RDMM",11,2,2,10,4,4,70000,24326.5547326228,-28268.8778089141,28268.8778089141,0.680656102065528,0.0865384615384616,0.913461538461538,"2.0500657",75,32.7400000000007,"success"
"RDMM",11,2,2,10,4,4,80000,25868.5215403122,-31352.8114242928,31352.8114242928,0.780265378844711,0.0576923076923077,0.942307692307692,"2.0500657",78,33.8399999999992,"success"
"RDMM",11,2,2,10,4,4,90000,24549.0299516238,-28713.8282469162,28713.8282469162,0.746308604230083,0.0673076923076923,0.932692307692308,"2.0500657",34,15,"success"
"RDMM",11,2,2,10,4,4,100000,24262.0188184928,-28139.8059806541,28139.8059806541,0.713106329698731,0.0769230769230769,0.923076923076923,"2.0500657",72,31.5200000000004,"success"
"RDMM",12,2,2,11,5,4,10000,26109.8214114152,-30116.9865338167,30116.9865338167,0.746392389827478,0.0673076923076923,0.932692307692308,"2.0500657",71,31.2000000000007,"success"
"RDMM",12,2,2,11,5,4,20000,25868.8585036044,-29635.060718195,29635.060718195,0.648955562893812,0.0961538461538461,0.903846153846154,"2.0500657",75,32.3299999999999,"success"
"RDMM",12,2,2,11,5,4,30000,24998.662327636,-27894.6683662582,27894.6683662582,0.648854101454176,0.0961538461538461,0.903846153846154,"2.0500657",35,15.1399999999994,"success"
"RDMM",12,2,2,11,5,4,40000,26614.4712906928,-31126.2862923719,31126.2862923719,0.780265378844711,0.0576923076923077,0.942307692307692,"2.0500657",32,13.9500000000007,"success"
"RDMM",12,2,2,11,5,4,50000,24429.7516160244,-26756.8469430351,26756.8469430351,0.648854101454176,0.0961538461538461,0.903846153846154,"2.0500657",48,20.8199999999997,"success"
"RDMM",12,2,2,11,5,4,60000,25371.309626978,-28639.9629649422,28639.9629649422,0.680550598846422,0.0865384615384616,0.913461538461538,"2.0500657",77,33.5,"success"
"RDMM",12,2,2,11,5,4,70000,25459.8323417825,-28817.0083945511,28817.0083945511,0.680656102065528,0.0865384615384616,0.913461538461538,"2.0500657",80,35.5500000000002,"success"
"RDMM",12,2,2,11,5,4,80000,27050.1665774177,-31997.6768658215,31997.6768658215,0.780265378844711,0.0576923076923077,0.942307692307692,"2.0500657",47,20.7799999999997,"success"
"RDMM",12,2,2,11,5,4,90000,25610.7927528321,-29118.9292166503,29118.9292166503,0.713106329698731,0.0769230769230769,0.923076923076923,"2.0500657",48,21.1199999999999,"success"
"RDMM",12,2,2,11,5,4,100000,25313.5042517853,-28524.3522145568,28524.3522145568,0.680550598846422,0.0865384615384616,0.913461538461538,"2.0500657",86,38.1400000000003,"success"
"RDMM",13,2,4,4,2,8,10000,7626.58667646463,-4863.67091155001,4863.67091155001,0.0657372698169482,0.346153846153846,0.653846153846154,"2.0500657",23,19.1299999999992,"success"
"RDMM",13,2,4,4,2,8,20000,7663.51412438524,-4937.52580739123,4937.52580739123,0.0657372698169482,0.346153846153846,0.653846153846154,"2.0500657",21,17.5500000000002,"success"
"RDMM",13,2,4,4,2,8,30000,7652.05379740875,-4914.60515343825,4914.60515343825,0.0657372698169482,0.346153846153846,0.653846153846154,"2.0500657",46,37.8699999999999,"success"
"RDMM",13,2,4,4,2,8,40000,7543.75630932869,-4698.01017727813,4698.01017727813,0.0657372698169482,0.346153846153846,0.653846153846154,"2.0500657",25,20.7000000000007,"success"
"RDMM",13,2,4,4,2,8,50000,7359.23518919053,-4328.96793700181,4328.96793700181,0.0657372698169482,0.346153846153846,0.653846153846154,"2.0500657",27,22.4099999999999,"success"
"RDMM",13,2,4,4,2,8,60000,7381.59751017786,-4373.69257897647,4373.69257897647,0.0657372698169482,0.346153846153846,0.653846153846154,"2.0500657",20,16.4200000000001,"success"
"RDMM",13,2,4,4,2,8,70000,7501.40635311004,-4613.31026484082,4613.31026484082,0.0657372698169482,0.346153846153846,0.653846153846154,"2.0500657",31,26.2199999999993,"success"
"RDMM",13,2,4,4,2,8,80000,7465.17386062854,-4540.84527987782,4540.84527987782,0.0657372698169482,0.346153846153846,0.653846153846154,"2.0500657",27,22.8000000000002,"success"
"RDMM",13,2,4,4,2,8,90000,7398.03112057051,-4406.55979976177,4406.55979976177,0.0657372698169482,0.346153846153846,0.653846153846154,"2.0500657",20,16.7300000000005,"success"
"RDMM",13,2,4,4,2,8,100000,7606.1690164272,-4822.83559147516,4822.83559147516,0.0657372698169482,0.346153846153846,0.653846153846154,"2.0500657",54,44.4699999999993,"success"
"RDMM",14,2,4,5,3,8,10000,9499.78177181197,-6826.61499697441,6826.61499697441,0.0657372698169482,0.346153846153846,0.653846153846154,"2.0500657",94,74.1300000000001,"success"
"RDMM",14,2,4,5,3,8,20000,9519.62915844263,-6866.30977023572,6866.30977023572,0.0657372698169482,0.346153846153846,0.653846153846154,"2.0500657",57,44.9499999999998,"success"
"RDMM",14,2,4,5,3,8,30000,16530.254667848,-20887.5607890464,20887.5607890464,0.850520665880756,0.0384615384615384,0.961538461538462,"2.0500657",33,27.8100000000004,"success"
"RDMM",14,2,4,5,3,8,40000,17955.0100195847,-23737.0714925199,23737.0714925199,0.886744844901094,0.0288461538461539,0.971153846153846,"2.0500657",37,32.6499999999996,"success"
"RDMM",14,2,4,5,3,8,50000,8719.93098012684,-5266.91341360415,5266.91341360415,0.0548133919192545,0.355769230769231,0.644230769230769,"2.0500657",20,16.7299999999996,"success"
"RDMM",14,2,4,5,3,8,60000,14232.999281298,-16293.0500159465,16293.0500159465,0.815055609858455,0.0480769230769231,0.951923076923077,"2.0500657",41,34.2700000000004,"success"
"RDMM",14,2,4,5,3,8,70000,18231.0244920172,-24289.1004373848,24289.1004373848,0.886744844901094,0.0288461538461539,0.971153846153846,"2.0500657",48,43.4499999999998,"success"
"RDMM",14,2,4,5,3,8,80000,10002.557262778,-7832.16597890644,7832.16597890644,0.0657372698169482,0.346153846153846,0.653846153846154,"2.0500657",53,42.4400000000005,"success"
"RDMM",14,2,4,5,3,8,90000,9694.10446416337,-7215.26038167721,7215.26038167721,0.0657372698169482,0.346153846153846,0.653846153846154,"2.0500657",106,84,"success"
"RDMM",14,2,4,5,3,8,100000,17232.6908260584,-22292.4331054672,22292.4331054672,0.886744844901094,0.0288461538461539,0.971153846153846,"2.0500657",42,36.21,"success"
"RDMM",15,2,4,6,2,8,10000,20416.173936835,-26996.7073851278,26996.7073851278,0.886744844901094,0.0288461538461539,0.971153846153846,"2.0500657",25,21.3900000000003,"success"
"RDMM",15,2,4,6,2,8,20000,17744.4091340315,-21653.1777795209,21653.1777795209,0.850520665880756,0.0384615384615384,0.961538461538462,"2.0500657",27,22.7799999999997,"success"
"RDMM",15,2,4,6,2,8,30000,20675.7864886074,-27515.9324886727,27515.9324886727,0.886744844901094,0.0288461538461539,0.971153846153846,"2.0500657",28,24.3599999999997,"success"
"RDMM",15,2,4,6,2,8,40000,16176.6729224861,-18517.7053564301,18517.7053564301,0.814979202066143,0.0480769230769231,0.951923076923077,"2.0500657",29,24.1100000000006,"success"
"RDMM",15,2,4,6,2,8,50000,15980.2613945982,-18124.8823006543,18124.8823006543,0.815055609858455,0.0480769230769231,0.951923076923077,"2.0500657",48,40.1000000000004,"success"
"RDMM",15,2,4,6,2,8,60000,11773.2594098962,-9710.87833125023,9710.87833125023,0.0565627867965784,0.355769230769231,0.644230769230769,"2.0500657",22,18.0900000000001,"success"
"RDMM",15,2,4,6,2,8,70000,20340.6163520086,-26845.5922154751,26845.5922154751,0.886744844901094,0.0288461538461539,0.971153846153846,"2.0500657",34,30.4099999999999,"success"
"RDMM",15,2,4,6,2,8,80000,17085.0998373554,-20334.5591861687,20334.5591861687,0.815055609858455,0.0480769230769231,0.951923076923077,"2.0500657",27,23.0299999999997,"success"
"RDMM",15,2,4,6,2,8,90000,20777.0279181862,-27718.4153478302,27718.4153478302,0.886744844901094,0.0288461538461539,0.971153846153846,"2.0500657",26,23.0100000000002,"success"
"RDMM",15,2,4,6,2,8,100000,20488.2784986776,-27140.916508813,27140.916508813,0.886744844901094,0.0288461538461539,0.971153846153846,"2.0500657",35,31.4300000000003,"success"
"RDMM",16,2,4,6,4,8,10000,17844.7726774062,-21723.8619210943,21723.8619210943,0.923765539599186,0.0192307692307693,0.980769230769231,"2.0500657",36,30.3299999999999,"success"
"RDMM",16,2,4,6,4,8,20000,17292.9287569071,-20620.1740800961,20620.1740800961,0.850520665880756,0.0384615384615384,0.961538461538462,"2.0500657",40,33.3099999999995,"success"
"RDMM",16,2,4,6,4,8,30000,20666.6732237045,-27367.6630136909,27367.6630136909,0.886744844901094,0.0288461538461539,0.971153846153846,"2.0500657",47,41.1599999999999,"success"
"RDMM",16,2,4,6,4,8,40000,15482.4582074025,-16999.2329810869,16999.2329810869,0.814979202066143,0.0480769230769231,0.951923076923077,"2.0500657",29,24.0200000000004,"success"
"RDMM",16,2,4,6,4,8,50000,15256.316696505,-16546.9499592918,16546.9499592918,0.815055609858455,0.0480769230769231,0.951923076923077,"2.0500657",65,54.5900000000001,"success"
"RDMM",16,2,4,6,4,8,60000,11442.5414533346,-8919.39947295101,8919.39947295101,0.0446521535788293,0.365384615384615,0.634615384615385,"2.0500657",31,25.6199999999999,"success"
"RDMM",16,2,4,6,4,8,70000,21024.9551728686,-28084.2269120192,28084.2269120192,0.886744844901094,0.0288461538461539,0.971153846153846,"2.0500657",34,30.3900000000003,"success"
"RDMM",16,2,4,6,4,8,80000,20005.7027944425,-26045.7221551668,26045.7221551668,0.886744844901094,0.0288461538461539,0.971153846153846,"2.0500657",29,25.7199999999993,"success"
"RDMM",16,2,4,6,4,8,90000,20668.1468483082,-27370.6102628983,27370.6102628983,0.886744844901094,0.0288461538461539,0.971153846153846,"2.0500657",37,32.6300000000001,"success"
"RDMM",16,2,4,6,4,8,100000,17325.0192088253,-20684.3549839325,20684.3549839325,0.850520665880756,0.0384615384615384,0.961538461538462,"2.0500657",32,27.6900000000005,"success"
"RDMM",17,2,4,7,3,8,10000,19605.3970876636,-23573.1300179181,23573.1300179181,0.886791615731539,0.0288461538461539,0.971153846153846,"2.0500657",76,64.4400000000005,"success"
"RDMM",17,2,4,7,3,8,20000,18820.8022782833,-22003.9403991576,22003.9403991576,0.780347033675591,0.0576923076923077,0.942307692307692,"2.0500657",36,30.0899999999992,"success"
"RDMM",17,2,4,7,3,8,30000,18933.6624876562,-22229.6608179033,22229.6608179033,0.815055609858455,0.0480769230769231,0.951923076923077,"2.0500657",32,26.9799999999996,"success"
"RDMM",17,2,4,7,3,8,40000,21449.3704347038,-27261.0767119987,27261.0767119987,0.850520665880756,0.0384615384615384,0.961538461538462,"2.0500657",37,32.3300000000008,"success"
"RDMM",17,2,4,7,3,8,50000,18407.1725981592,-21176.6810389094,21176.6810389094,0.815055609858455,0.0480769230769231,0.951923076923077,"2.0500657",34,28.4199999999992,"success"
"RDMM",17,2,4,7,3,8,60000,22104.5055421921,-28571.3469269752,28571.3469269752,0.850520665880756,0.0384615384615384,0.961538461538462,"2.0500657",42,36.8700000000008,"success"
"RDMM",17,2,4,7,3,8,70000,21265.7344551368,-26893.8047528647,26893.8047528647,0.850520665880756,0.0384615384615384,0.961538461538462,"2.0500657",47,40.7999999999993,"success"
"RDMM",17,2,4,7,3,8,80000,21536.9673455731,-27436.2705337373,27436.2705337373,0.850520665880756,0.0384615384615384,0.961538461538462,"2.0500657",32,28.2000000000007,"success"
"RDMM",17,2,4,7,3,8,90000,22343.4778079425,-29049.291458476,29049.291458476,0.850520665880756,0.0384615384615384,0.961538461538462,"2.0500657",60,54.04,"success"
"RDMM",17,2,4,7,3,8,100000,17662.5139539499,-19687.3637504908,19687.3637504908,0.780347033675591,0.0576923076923077,0.942307692307692,"2.0500657",35,29.21,"success"
"RDMM",18,2,4,7,5,8,10000,18443.4469358845,-21119.1867691841,21119.1867691841,0.886791615731539,0.0288461538461539,0.971153846153846,"2.0500657",40,33.7700000000004,"success"
"RDMM",18,2,4,7,5,8,20000,18731.5342739626,-21695.3614453403,21695.3614453403,0.780347033675591,0.0576923076923077,0.942307692307692,"2.0500657",42,35.54,"success"
"RDMM",18,2,4,7,5,8,30000,18860.3508744827,-21952.9946463804,21952.9946463804,0.815055609858455,0.0480769230769231,0.951923076923077,"2.0500657",37,31.29,"success"
"RDMM",18,2,4,7,5,8,40000,21133.5175237204,-26499.3279448558,26499.3279448558,0.850520665880756,0.0384615384615384,0.961538461538462,"2.0500657",33,29,"success"
"RDMM",18,2,4,7,5,8,50000,18516.0513881606,-21264.3956737362,21264.3956737362,0.815055609858455,0.0480769230769231,0.951923076923077,"2.0500657",71,59.79,"success"
"RDMM",18,2,4,7,5,8,60000,21238.73109533,-26709.755088075,26709.755088075,0.850520665880756,0.0384615384615384,0.961538461538462,"2.0500657",40,35.7700000000004,"success"
"RDMM",18,2,4,7,5,8,70000,20557.1177194878,-25346.5283363906,25346.5283363906,0.850520665880756,0.0384615384615384,0.961538461538462,"2.0500657",40,38.4499999999998,"success"
"RDMM",18,2,4,7,5,8,80000,21420.903253544,-27074.099404503,27074.099404503,0.850520665880756,0.0384615384615384,0.961538461538462,"2.0500657",36,33.6900000000005,"success"
"RDMM",18,2,4,7,5,8,90000,21092.3576661062,-26417.0082296274,26417.0082296274,0.850520665880756,0.0384615384615384,0.961538461538462,"2.0500657",28,24.9699999999993,"success"
"RDMM",18,2,4,7,5,8,100000,17711.6059022089,-19655.5047018328,19655.5047018328,0.780347033675591,0.0576923076923077,0.942307692307692,"2.0500657",73,61.8700000000008,"success"
"RDMM",19,2,4,8,2,8,10000,22868.4626332173,-28492.3018579226,28492.3018579226,0.886791615731539,0.0288461538461539,0.971153846153846,"2.0500657",40,34.5799999999999,"success"
"RDMM",19,2,4,8,2,8,20000,20523.4636615226,-23802.3039145332,23802.3039145332,0.746392389827478,0.0673076923076923,0.932692307692308,"2.0500657",37,30.6700000000001,"success"
"RDMM",19,2,4,8,2,8,30000,23658.7307739756,-30072.8381394394,30072.8381394394,0.780265378844711,0.0576923076923077,0.942307692307692,"2.0500657",67,57.4500000000007,"success"
"RDMM",19,2,4,8,2,8,40000,22313.0628471928,-27381.5022858737,27381.5022858737,0.815055609858455,0.0480769230769231,0.951923076923077,"2.0500657",33,28,"success"
"RDMM",19,2,4,8,2,8,50000,22826.8687007915,-28409.1139930712,28409.1139930712,0.815055609858455,0.0480769230769231,0.951923076923077,"2.0500657",25,21.1499999999996,"success"
"RDMM",19,2,4,8,2,8,60000,23293.3919005939,-29342.1603926758,29342.1603926758,0.780265378844711,0.0576923076923077,0.942307692307692,"2.0500657",46,40.0200000000004,"success"
"RDMM",19,2,4,8,2,8,70000,22359.7169668584,-27474.8105252049,27474.8105252049,0.780347033675591,0.0576923076923077,0.942307692307692,"2.0500657",49,41.7700000000004,"success"
"RDMM",19,2,4,8,2,8,80000,23267.6839252009,-29290.7444418898,29290.7444418898,0.815055609858455,0.0480769230769231,0.951923076923077,"2.0500657",51,44.5100000000002,"success"
"RDMM",19,2,4,8,2,8,90000,23360.4083623722,-29476.1933162325,29476.1933162325,0.815055609858455,0.0480769230769231,0.951923076923077,"2.0500657",64,56.8099999999995,"success"
"RDMM",19,2,4,8,2,8,100000,21021.3949200761,-24798.1664316403,24798.1664316403,0.558366350532387,0.125,0.875,"2.0500657",81,68.0499999999993,"success"
"RDMM",20,2,4,8,4,8,10000,23384.9093087068,-29320.8420093394,29320.8420093394,0.886791615731539,0.0288461538461539,0.971153846153846,"2.0500657",60,52.2799999999988,"success"
"RDMM",20,2,4,8,4,8,20000,19880.1806547583,-22311.3847014424,22311.3847014424,0.746392389827478,0.0673076923076923,0.932692307692308,"2.0500657",78,64.9700000000012,"success"
"RDMM",20,2,4,8,4,8,30000,22371.4633511546,-27293.9500942351,27293.9500942351,0.780265378844711,0.0576923076923077,0.942307692307692,"2.0500657",37,31.6400000000012,"success"
"RDMM",20,2,4,8,4,8,40000,21860.6265976972,-26272.2765873202,26272.2765873202,0.815055609858455,0.0480769230769231,0.951923076923077,"2.0500657",37,31.4699999999993,"success"
"RDMM",20,2,4,8,4,8,50000,22454.73047284,-27460.4843376058,27460.4843376058,0.815055609858455,0.0480769230769231,0.951923076923077,"2.0500657",48,41.1000000000004,"success"
"RDMM",20,2,4,8,4,8,60000,23084.5018145997,-28720.0270211253,28720.0270211253,0.780265378844711,0.0576923076923077,0.942307692307692,"2.0500657",52,45.5399999999991,"success"
"RDMM",20,2,4,8,4,8,70000,21323.2429051397,-25197.5092022052,25197.5092022052,0.558366350532387,0.125,0.875,"2.0500657",72,61.4100000000017,"success"
"RDMM",20,2,4,8,4,8,80000,22156.2727224346,-26863.568836795,26863.568836795,0.815055609858455,0.0480769230769231,0.951923076923077,"2.0500657",30,25.8399999999983,"success"
"RDMM",20,2,4,8,4,8,90000,23009.5146244663,-28570.0526408585,28570.0526408585,0.815055609858455,0.0480769230769231,0.951923076923077,"2.0500657",41,36.1800000000003,"success"
"RDMM",20,2,4,8,4,8,100000,21128.6437888004,-24808.3109695266,24808.3109695266,0.746308604230083,0.0673076923076923,0.932692307692308,"2.0500657",78,65.1800000000003,"success"
"RDMM",21,2,4,9,3,8,10000,24749.4472039751,-30433.6697669748,30433.6697669748,0.815055609858455,0.0480769230769231,0.951923076923077,"2.0500657",60,51.0600000000013,"success"
"RDMM",21,2,4,9,3,8,20000,22361.0924145034,-25656.9601880314,25656.9601880314,0.680656102065528,0.0865384615384616,0.913461538461538,"2.0500657",76,62.1399999999994,"success"
"RDMM",21,2,4,9,3,8,30000,24519.9677396971,-29974.7108384189,29974.7108384189,0.746308604230083,0.0673076923076923,0.932692307692308,"2.0500657",72,59.7199999999993,"success"
"RDMM",21,2,4,9,3,8,40000,25597.8515726064,-32130.4785042376,32130.4785042376,0.780265378844711,0.0576923076923077,0.942307692307692,"2.0500657",89,73.0400000000009,"success"
"RDMM",21,2,4,9,3,8,50000,24791.6981018261,-30518.1715626768,30518.1715626768,0.746308604230083,0.0673076923076923,0.932692307692308,"2.0500657",55,45.6599999999999,"success"
"RDMM",21,2,4,9,3,8,60000,23976.1063266061,-28886.9880122368,28886.9880122368,0.746308604230083,0.0673076923076923,0.932692307692308,"2.0500657",39,32.5900000000001,"success"
"RDMM",21,2,4,9,3,8,70000,23993.7424428774,-28922.2602447795,28922.2602447795,0.713106329698731,0.0769230769230769,0.923076923076923,"2.0500657",64,53.2999999999993,"success"
"RDMM",21,2,4,9,3,8,80000,25680.7288787555,-32296.2331165357,32296.2331165357,0.780265378844711,0.0576923076923077,0.942307692307692,"2.0500657",66,55.8299999999999,"success"
"RDMM",21,2,4,9,3,8,90000,23971.667610863,-28878.1105807507,28878.1105807507,0.746308604230083,0.0673076923076923,0.932692307692308,"2.0500657",43,36.9099999999999,"success"
"RDMM",21,2,4,9,3,8,100000,23084.0464826695,-27102.8683243636,27102.8683243636,0.713106329698731,0.0769230769230769,0.923076923076923,"2.0500657",36,30.2200000000012,"success"
"RDMM",22,2,4,9,5,8,10000,23924.2322117109,-28578.8865828842,28578.8865828842,0.815055609858455,0.0480769230769231,0.951923076923077,"2.0500657",54,45,"success"
"RDMM",22,2,4,9,5,8,20000,21360.8279293563,-23452.078018175,23452.078018175,0.680656102065528,0.0865384615384616,0.913461538461538,"2.0500657",73,60.3700000000008,"success"
"RDMM",22,2,4,9,5,8,30000,23321.0321314199,-27372.4864223022,27372.4864223022,0.746308604230083,0.0673076923076923,0.932692307692308,"2.0500657",67,55.3099999999995,"success"
"RDMM",22,2,4,9,5,8,40000,24878.7377713288,-30487.89770212,30487.89770212,0.780265378844711,0.0576923076923077,0.942307692307692,"2.0500657",63,52.4899999999998,"success"
"RDMM",22,2,4,9,5,8,50000,23724.7081834692,-28179.8385264008,28179.8385264008,0.746308604230083,0.0673076923076923,0.932692307692308,"2.0500657",49,40.5499999999993,"success"
"RDMM",22,2,4,9,5,8,60000,22894.6730405344,-26519.7682405313,26519.7682405313,0.746308604230083,0.0673076923076923,0.932692307692308,"2.0500657",55,45.9200000000001,"success"
"RDMM",22,2,4,9,5,8,70000,22331.122264557,-25392.6666885764,25392.6666885764,0.501622212984562,0.144230769230769,0.855769230769231,"2.0500657",70,57.9800000000014,"success"
"RDMM",22,2,4,9,5,8,80000,24300.1433089415,-29330.7087773454,29330.7087773454,0.780265378844711,0.0576923076923077,0.942307692307692,"2.0500657",51,42.7399999999998,"success"
"RDMM",22,2,4,9,5,8,90000,23375.6313932997,-27481.6849460619,27481.6849460619,0.746308604230083,0.0673076923076923,0.932692307692308,"2.0500657",49,41.7699999999986,"success"
"RDMM",22,2,4,9,5,8,100000,23448.1030484089,-27626.6282562802,27626.6282562802,0.746308604230083,0.0673076923076923,0.932692307692308,"2.0500657",84,70.3100000000013,"success"
"RDMM",23,2,4,10,4,8,10000,24831.7684590532,-28768.4222628693,28768.4222628693,0.780347033675591,0.0576923076923077,0.942307692307692,"2.0500657",69,57.25,"success"
"RDMM",23,2,4,10,4,8,20000,23703.4656931986,-26511.8167311602,26511.8167311602,0.648955562893812,0.0961538461538461,0.903846153846154,"2.0500657",78,64,"success"
"RDMM",23,2,4,10,4,8,30000,25751.1002642653,-30607.0858732936,30607.0858732936,0.713106329698731,0.0769230769230769,0.923076923076923,"2.0500657",80,65.2299999999996,"success"
"RDMM",23,2,4,10,4,8,40000,26793.3568992063,-32691.5991431756,32691.5991431756,0.780265378844711,0.0576923076923077,0.942307692307692,"2.0500657",72,59.9699999999993,"success"
"RDMM",23,2,4,10,4,8,50000,25607.4018236037,-30319.6889919704,30319.6889919704,0.713106329698731,0.0769230769230769,0.923076923076923,"2.0500657",72,59.6700000000001,"success"
"RDMM",23,2,4,10,4,8,60000,26718.429386491,-32541.744117745,32541.744117745,0.746308604230083,0.0673076923076923,0.932692307692308,"2.0500657",72,59.8899999999994,"success"
"RDMM",23,2,4,10,4,8,70000,25193.9032292166,-29492.6918031961,29492.6918031961,0.680656102065528,0.0865384615384616,0.913461538461538,"2.0500657",78,64.5700000000015,"success"
"RDMM",23,2,4,10,4,8,80000,26706.0061047564,-32516.8975542757,32516.8975542757,0.780265378844711,0.0576923076923077,0.942307692307692,"2.0500657",63,53.3599999999988,"success"
"RDMM",23,2,4,10,4,8,90000,25984.0445182867,-31072.9743813364,31072.9743813364,0.746308604230083,0.0673076923076923,0.932692307692308,"2.0500657",49,40.9500000000007,"success"
"RDMM",23,2,4,10,4,8,100000,24931.5413774232,-28967.9680996094,28967.9680996094,0.713106329698731,0.0769230769230769,0.923076923076923,"2.0500657",64,53.2000000000007,"success"
"RDMM",24,2,4,11,5,8,10000,26974.5918136671,-31214.8901760372,31214.8901760372,0.746392389827478,0.0673076923076923,0.932692307692308,"2.0500657",74,62.3500000000004,"success"
"RDMM",24,2,4,11,5,8,20000,27568.7926753695,-32403.2918994419,32403.2918994419,0.648955562893812,0.0961538461538461,0.903846153846154,"2.0500657",62,51.1900000000005,"success"
"RDMM",24,2,4,11,5,8,30000,27101.7529571964,-31469.2124630958,31469.2124630958,0.648854101454176,0.0961538461538461,0.903846153846154,"2.0500657",67,55.1400000000012,"success"
"RDMM",24,2,4,11,5,8,40000,28633.0669399168,-34531.8404285365,34531.8404285365,0.780265378844711,0.0576923076923077,0.942307692307692,"2.0500657",54,45.2799999999988,"success"
"RDMM",24,2,4,11,5,8,50000,26184.326031782,-29634.3586122671,29634.3586122671,0.680656102065528,0.0865384615384616,0.913461538461538,"2.0500657",63,52.8600000000006,"success"
"RDMM",24,2,4,11,5,8,60000,27058.6639805749,-31383.0345098527,31383.0345098527,0.680550598846422,0.0865384615384616,0.913461538461538,"2.0500657",87,72.6599999999999,"success"
"RDMM",24,2,4,11,5,8,70000,26651.6940440237,-30569.0946367504,30569.0946367504,0.648854101454176,0.0961538461538461,0.903846153846154,"2.0500657",87,72.4200000000001,"success"
"RDMM",24,2,4,11,5,8,80000,28690.7551943698,-34647.2169374426,34647.2169374426,0.780265378844711,0.0576923076923077,0.942307692307692,"2.0500657",65,54.7199999999993,"success"
"RDMM",24,2,4,11,5,8,90000,26776.7569881241,-30819.2205249511,30819.2205249511,0.713106329698731,0.0769230769230769,0.923076923076923,"2.0500657",57,47.7200000000012,"success"
"RDMM",24,2,4,11,5,8,100000,25464.4136142784,-28194.5337772598,28194.5337772598,0.680550598846422,0.0865384615384616,0.913461538461538,"2.0500657",64,53.1999999999989,"success"
