"k2","r1","r2","n_successful_starts_DGMM","n_failed_starts_DGMM","n_successful_starts_RDMM","n_failed_starts_RDMM"
2,4,2,10,0,10,0
2,5,3,6,4,10,0
2,6,2,6,4,10,0
2,6,4,6,4,10,0
2,7,3,2,8,10,0
2,7,5,2,8,10,0
2,8,2,4,6,10,0
2,8,4,4,6,10,0
2,9,3,4,6,10,0
2,9,5,4,6,10,0
2,10,4,3,7,10,0
2,11,5,3,7,10,0
4,4,2,10,0,10,0
4,5,3,6,4,10,0
4,6,2,6,4,10,0
4,6,4,6,4,10,0
4,7,3,2,8,10,0
4,7,5,2,8,10,0
4,8,2,4,6,10,0
4,8,4,4,6,10,0
4,9,3,4,6,10,0
4,9,5,4,6,10,0
4,10,4,4,6,10,0
4,11,5,2,8,10,0
