"k2","r1","r2","pathways","DGMM_BIC","DGMM_ARI","DGMM_MR","DGMM_logLik","DGMM_best_seed","DGMM_n_successful_starts","DGMM_n_failed_starts","RDMM_BIC","RDMM_ARI","RDMM_MR","RDMM_logLik","RDMM_best_seed","RDMM_nu","RDMM_n_successful_starts","RDMM_n_failed_starts"
2,4,2,4,-13364.6370526642,0.0657372698169482,0.346153846153846,-1559.55536457916,70000,10,0,4802.19516377435,0.0657372698169482,0.346153846153846,7521.53854819054,10000,"2.0500657",10,0
2,5,3,4,-12977.4146248739,0.0792151438019361,0.336538461538462,-497.443052544584,100000,6,4,24842.2270995696,0.886744844901094,0.0288461538461539,18400.7668324293,70000,"2.0500657",10,0
2,6,2,4,-4837.72395605397,0.0446521535788293,0.365384615384615,4389.81508011427,30000,6,4,27639.3023193834,0.886744844901094,0.0288461538461539,20626.0060223834,80000,"2.0500657",10,0
2,6,4,4,-4921.74483369879,0.0446521535788293,0.365384615384615,4403.53733208155,30000,6,4,26688.5270544086,0.886744844901094,0.0288461538461539,20183.12912619,70000,"2.0500657",10,0
2,7,3,4,-7442.32742707794,0.0565627867965784,0.355769230769231,3956.01444274172,30000,2,8,27097.6829810123,0.850520665880756,0.0384615384615384,21214.408669539,60000,"2.0500657",10,0
2,7,5,4,-7391.26482644736,0.0565627867965784,0.355769230769231,4046.56721564499,30000,2,8,27962.484663115,0.850520665880756,0.0384615384615384,21679.3202468843,60000,"2.0500657",10,0
2,8,2,4,-3719.99840219235,0.0691925341669089,0.346153846153846,6616.01418983683,60000,4,6,29409.5905453789,0.815055609858455,0.0480769230769231,23178.4864681729,50000,"2.0500657",10,0
2,8,4,4,-4308.47976265857,0.0691925341669089,0.346153846153846,6396.08376398998,60000,4,6,27562.9838801495,0.815055609858455,0.0480769230769231,22306.2714354487,90000,"2.0500657",10,0
2,9,3,4,-2929.56528213366,0.0582266334941739,0.355769230769231,7879.73184800561,60000,4,6,30799.7411690252,0.780265378844711,0.0576923076923077,24732.7740963372,40000,"2.0500657",10,0
2,9,5,4,-3502.77656395511,0.0582266334941739,0.355769230769231,7676.72524327943,60000,4,6,29216.3556879669,0.780265378844711,0.0576923076923077,23992.1696556986,80000,"2.0500657",10,0
2,10,4,4,-3550.66324568085,0.0966049477208893,0.326923076923077,8442.32835527059,80000,3,7,31352.8114242928,0.780265378844711,0.0576923076923077,25868.5215403122,80000,"2.0500657",10,0
2,11,5,4,-3698.15993832771,0.0203623991545737,0.394230769230769,9246.36988888488,30000,3,7,31997.6768658215,0.780265378844711,0.0576923076923077,27050.1665774177,80000,"2.0500657",10,0
4,4,2,8,-13186.2447452853,0.0657372698169482,0.346153846153846,-1419.27091099915,10000,10,0,4937.52580739123,0.0657372698169482,0.346153846153846,7663.51412438524,20000,"2.0500657",10,0
4,5,3,8,-12845.2724958803,0.0792151438019361,0.336538461538462,-357.061733661509,100000,6,4,24289.1004373848,0.886744844901094,0.0288461538461539,18231.0244920172,70000,"2.0500657",10,0
4,6,2,8,-4393.57989315388,0.0446521535788293,0.365384615384615,4658.33102055573,30000,6,4,27718.4153478302,0.886744844901094,0.0288461538461539,20777.0279181862,90000,"2.0500657",10,0
4,6,4,8,-4525.0711010349,0.0446521535788293,0.365384615384615,4704.05079819461,30000,6,4,28084.2269120192,0.886744844901094,0.0288461538461539,21024.9551728686,70000,"2.0500657",10,0
4,7,3,8,-7795.65675817062,0.0565627867965784,0.355769230769231,3849.0156406825,30000,2,8,29049.291458476,0.850520665880756,0.0384615384615384,22343.4778079425,90000,"2.0500657",10,0
4,7,5,8,-8006.79593299286,0.0565627867965784,0.355769230769231,3873.48899844734,30000,2,8,27074.099404503,0.850520665880756,0.0384615384615384,21420.903253544,80000,"2.0500657",10,0
4,8,2,8,-3658.72249609152,0.0691925341669089,0.346153846153846,6669.87409738295,60000,4,6,30072.8381394394,0.780265378844711,0.0576923076923077,23658.7307739756,30000,"2.0500657",10,0
4,8,4,8,-3842.86786283227,0.0691925341669089,0.346153846153846,6726.4219227851,60000,4,6,29320.8420093394,0.886791615731539,0.0288461538461539,23384.9093087068,10000,"2.0500657",10,0
4,9,3,8,-3844.6992654984,0.0582266334941739,0.355769230769231,7468.60876531466,60000,4,6,32296.2331165357,0.780265378844711,0.0576923076923077,25680.7288787555,80000,"2.0500657",10,0
4,9,5,8,-4175.71768626389,0.0582266334941739,0.355769230769231,7470.297627301,60000,4,6,30487.89770212,0.780265378844711,0.0576923076923077,24878.7377713288,40000,"2.0500657",10,0
4,10,4,8,-3091.30623204422,0.0966049477208893,0.326923076923077,8746.31711647517,80000,4,6,32691.5991431756,0.780265378844711,0.0576923076923077,26793.3568992063,40000,"2.0500657",10,0
4,11,5,8,-3971.85187815789,0.0203623991545737,0.394230769230769,9216.34490965005,30000,2,8,34647.2169374426,0.780265378844711,0.0576923076923077,28690.7551943698,80000,"2.0500657",10,0
