"Model","Estimated_nu","FirstLayer_ARI","FirstLayer_MR","Pathway_ARI","Pathway_MR","LogLik","BIC","Iterations","Elapsed_seconds","Success","Error","n","p","Condition","Replication","Nu_true","Data_seed","Fit_seed","Generation_seconds","Seconds_per_iteration"
"DGMM",NA,0.563839727307493,0.124,0.183975285818387,0.512,-8527.99838638975,18723.4779699739,15,0.780000000000655,TRUE,"",250,20,1,1,4,1210001,1310001,0.0399999999999636,0.0520000000000437
"RDMM",3.46115754010768,0.890697672445323,0.028,0.514650174275438,0.228,-7919.23861760803,17500.4369714926,130,1.91000000000076,TRUE,"",250,20,1,1,4,1210001,1310001,0.0399999999999636,0.0146923076923136
"DGMM",NA,0.831066742908708,0.044,0.594863383631943,0.18,-8098.62945947245,17864.7401161393,21,0.5,TRUE,"",250,20,1,2,4,1210002,1310002,0,0.0238095238095238
"RDMM",3.57965888070276,0.921283590960779,0.02,0.674128277611187,0.14,-7535.95415941091,16733.8680550983,127,1.61999999999989,TRUE,"",250,20,1,2,4,1210002,1310002,0,0.0127559055118102
"DGMM",NA,-0.000953402215844351,0.472,0.294908269077373,0.512,-8260.75406267966,18188.9893225537,6,0.1899999999996,TRUE,"",250,20,1,3,4,1210003,1310003,0,0.0316666666666
"RDMM",4.21150774667181,9.06800039604499e-06,0.468,0.250216638638837,0.524,-7167.99387475707,15997.9474857907,102,1.35999999999967,TRUE,"",250,20,1,3,4,1210003,1310003,0,0.0133333333333301
"DGMM",NA,0.704419425373278,0.08,0.350740565934775,0.356,-7936.1103344132,17539.7018660208,26,0.609999999999673,TRUE,"",250,20,1,4,4,1210004,1310004,0,0.0234615384615259
"RDMM",4.23803850010785,0.89068949409274,0.028,0.375560209322897,0.368,-7481.36117148581,16624.6820792482,102,1.25,TRUE,"",250,20,1,4,4,1210004,1310004,0,0.0122549019607843
"DGMM",NA,0.802021170126815,0.052,0.391650858951994,0.328,-7873.61567082678,17414.712538848,19,0.460000000000036,TRUE,"",250,20,1,5,4,1210005,1310005,0.0200000000004366,0.0242105263157914
"RDMM",4.23829208676607,0.936770994986008,0.016,0.699734259844018,0.128,-7481.0697368922,16624.0992100609,102,1.27000000000044,TRUE,"",250,20,1,5,4,1210005,1310005,0.0200000000004366,0.0124509803921611
"DGMM",NA,0.551739906416353,0.128,0.316512779415589,0.372,-8418.48540303822,18504.4520032708,16,0.410000000000764,TRUE,"",250,20,1,6,4,1210006,1310006,0,0.0256250000000477
"RDMM",3.72018004058267,0.860626300149983,0.036,0.588087878827767,0.188,-7875.77200898126,17413.5037542391,108,1.32999999999993,TRUE,"",250,20,1,6,4,1210006,1310006,0,0.0123148148148141
"DGMM",NA,0.905927514204704,0.024,0.409548556870519,0.324,-8177.9801175119,18023.4414322182,29,0.670000000000073,TRUE,"",250,20,1,7,4,1210007,1310007,0,0.0231034482758646
"RDMM",3.77044072927194,0.93677114953952,0.016,0.572591080677733,0.192,-7646.73114114182,16955.4220185602,116,1.4399999999996,TRUE,"",250,20,1,7,4,1210007,1310007,0,0.0124137931034448
"DGMM",NA,0.651464436514725,0.096,0.33406032759532,0.36,-8217.93803599335,18103.3572691811,12,0.3100000000004,TRUE,"",250,20,1,8,4,1210008,1310008,0,0.0258333333333667
"RDMM",4.20511384787733,0.936770225340041,0.016,0.617770750933967,0.168,-7660.05892831118,16982.0775928989,116,1.42000000000007,TRUE,"",250,20,1,8,4,1210008,1310008,0,0.0122413793103455
"DGMM",NA,0.845783131097419,0.04,0.312234731563274,0.436,-8187.99027313273,18043.4617434599,13,0.319999999999709,TRUE,"",250,20,1,9,4,1210009,1310009,0,0.0246153846153622
"RDMM",3.63164047492449,0.952385524917153,0.012,0.5355025909887,0.268,-7669.75898364032,17001.4777035572,191,2.42000000000007,TRUE,"",250,20,1,9,4,1210009,1310009,0,0.0126701570680632
"DGMM",NA,0.460381621089646,0.16,0.271853794241428,0.492,-8030.00061636931,17727.482429933,21,0.5,TRUE,"",250,20,1,10,4,1210010,1310010,0,0.0238095238095238
"RDMM",3.66207344936048,0.84578072412156,0.04,0.438736184926112,0.34,-7593.29405061826,16848.5478375131,102,1.25999999999931,TRUE,"",250,20,1,10,4,1210010,1310010,0,0.0123529411764638
"DGMM",NA,0.773490848666416,0.06,0.295070293713506,0.432,-8217.46860197054,18102.4184011355,18,0.430000000000291,TRUE,"",250,20,1,11,4,1210011,1310011,0,0.0238888888889051
"RDMM",3.39594684301245,0.860624581775165,0.036,0.586566505485271,0.184,-7610.30944403359,16882.5786243437,107,1.31999999999971,TRUE,"",250,20,1,11,4,1210011,1310011,0,0.0123364485981281
"DGMM",NA,0.664520915990568,0.092,0.282179447124886,0.436,-7988.93377976961,17645.3487567336,20,0.479999999999563,TRUE,"",250,20,1,12,4,1210012,1310012,0.0100000000002183,0.0239999999999782
"RDMM",4.3434072205546,0.952385053075828,0.012,0.683894406670142,0.136,-7510.42195284906,16682.8036419747,116,1.44000000000051,TRUE,"",250,20,1,12,4,1210012,1310012,0.0100000000002183,0.0124137931034527
"DGMM",NA,-0.00370834978976483,0.46,0.205306012598032,0.528,-7845.42514567825,17358.3314885509,19,0.450000000000728,TRUE,"",250,20,1,13,4,1210013,1310013,0,0.0236842105263541
"RDMM",4.60898084644963,-0.00245579046194848,0.456,0.303303972591589,0.504,-6926.21727080625,15514.394277889,146,1.75999999999931,TRUE,"",250,20,1,13,4,1210013,1310013,0,0.0120547945205432
"DGMM",NA,0.952385553227336,0.012,0.516442608810291,0.236,-7890.58442931557,17448.6500558255,23,0.559999999999491,TRUE,"",250,20,1,14,4,1210014,1310014,0,0.0243478260869344
"RDMM",4.60011641204581,0.952385110876893,0.012,0.655897527133956,0.156,-7446.10379307335,16554.1673224232,131,1.63000000000011,TRUE,"",250,20,1,14,4,1210014,1310014,0,0.0124427480916039
"DGMM",NA,0.460239554789977,0.16,0.296524966706592,0.4,-8354.39435467263,18376.2699065397,6,0.159999999999854,TRUE,"",250,20,1,15,4,1210015,1310015,0,0.0266666666666424
"RDMM",4.03986899085861,0.802024073701699,0.052,0.411744733075384,0.332,-7812.74161304277,17287.4429623621,100,1.21000000000004,TRUE,"",250,20,1,15,4,1210015,1310015,0,0.0121000000000004
"DGMM",NA,0.86062515725705,0.036,0.675114938788324,0.136,-7989.60889550452,17646.6989882034,30,0.779999999999745,TRUE,"",250,20,1,16,4,1210016,1310016,0,0.0259999999999915
"RDMM",4.13192714684041,0.875598133538461,0.032,0.674106090371132,0.14,-7408.85403317132,16479.6678026192,156,1.9399999999996,TRUE,"",250,20,1,16,4,1210016,1310016,0,0.0124358974358949
"DGMM",NA,0.773490848666416,0.06,0.365568540528276,0.404,-7775.88318048955,17219.2475581735,26,0.619999999999891,TRUE,"",250,20,1,17,4,1210017,1310017,0,0.0238461538461496
"RDMM",4.34745909361029,0.968128137390347,0.008,0.783972707990001,0.088,-7322.79702373027,16307.5537837371,124,1.5600000000004,TRUE,"",250,20,1,17,4,1210017,1310017,0,0.0125806451612935
"DGMM",NA,0.651482827419231,0.096,0.332934274898242,0.384,-8119.10239841319,17905.6859940208,26,0.720000000000255,TRUE,"",250,20,1,18,4,1210018,1310018,0,0.0276923076923175
"RDMM",3.84352247883469,0.905927232208851,0.024,0.671830623069221,0.148,-7591.32407457781,16844.6078854321,110,1.39999999999964,TRUE,"",250,20,1,18,4,1210018,1310018,0,0.0127272727272694
"DGMM",NA,0.588176659641086,0.116,0.300666287497022,0.376,-8139.13471838685,17945.7506339681,9,0.229999999999563,TRUE,"",250,20,1,19,4,1210019,1310019,0,0.0255555555555071
"RDMM",4.12877051753032,0.905927688994673,0.024,0.611573264053724,0.168,-7582.7899149485,16827.5395661735,149,1.88000000000011,TRUE,"",250,20,1,19,4,1210019,1310019,0,0.0126174496644303
"DGMM",NA,0.516549263162172,0.14,0.273960515613007,0.5,-8126.60311127228,17920.687419739,25,0.610000000000582,TRUE,"",250,20,1,20,4,1210020,1310020,0,0.0244000000000233
"RDMM",3.97811929087175,0.845781281935352,0.04,0.522742842806359,0.26,-7575.95922840489,16813.8781930863,110,1.35999999999967,TRUE,"",250,20,1,20,4,1210020,1310020,0,0.0123636363636334
"DGMM",NA,0.802421874405006,0.052,0.27239898362099,0.512,-16653.0834476269,35182.9785409773,24,0.949999999999818,TRUE,"",500,20,2,1,4,1220001,1320001,0,0.0395833333333258
"RDMM",3.77457334756016,0.898500597638535,0.026,0.693363719862633,0.128,-15147.9544498012,32166.5059372275,108,1.84000000000015,TRUE,"",500,20,2,1,4,1220001,1320001,0,0.0170370370370384
"DGMM",NA,0.838732903047917,0.042,0.351149572557045,0.38,-16416.2794291908,34709.3705041051,19,0.760000000000218,TRUE,"",500,20,2,2,4,1220002,1320002,0.0200000000004366,0.0400000000000115
"RDMM",3.99783983195659,0.898500885025321,0.026,0.668976223861172,0.142,-15076.5580440948,32023.7131258146,108,1.77999999999975,TRUE,"",500,20,2,2,4,1220002,1320002,0.0200000000004366,0.0164814814814791
"DGMM",NA,0.853460137349295,0.038,0.330136921402923,0.45,-16810.037554657,35496.8867550376,13,0.529999999999745,TRUE,"",500,20,2,3,4,1220003,1320003,0,0.0407692307692112
"RDMM",3.56827001311883,0.906111458958404,0.024,0.5046818667447,0.26,-15264.4976250852,32399.5922877955,142,2.34000000000015,TRUE,"",500,20,2,3,4,1220003,1320003,0,0.0164788732394376
"DGMM",NA,0.846092251262092,0.04,0.311767120504921,0.442,-16724.2721132732,35325.3558722699,21,0.819999999999709,TRUE,"",500,20,2,4,4,1220004,1320004,0,0.0390476190476052
"RDMM",3.74248424541711,0.929154293394289,0.018,0.757340455102972,0.1,-15197.2481067859,32265.0932511968,150,2.5600000000004,TRUE,"",500,20,2,4,4,1220004,1320004,0,0.0170666666666693
"DGMM",NA,0.868360465515512,0.034,0.325082348329058,0.45,-16761.0261638214,35398.8639733664,21,0.829999999999927,TRUE,"",500,20,2,5,4,1220005,1320005,0,0.0395238095238061
"RDMM",3.81767439416065,0.883366283676668,0.03,0.744352273825197,0.106,-15441.6165941748,32753.8302259747,110,1.82000000000062,TRUE,"",500,20,2,5,4,1220005,1320005,0,0.0165454545454602
"DGMM",NA,0.570693630355418,0.122,0.266290110929082,0.44,-17013.3390437032,35903.4897331299,11,0.430000000000291,TRUE,"",500,20,2,6,4,1220006,1320006,0,0.0390909090909356
"RDMM",3.8209953811631,0.913763684426094,0.022,0.501623650947674,0.316,-15734.5205101754,33339.6380579759,131,2.1899999999996,TRUE,"",500,20,2,6,4,1220006,1320006,0,0.0167175572519053
"DGMM",NA,0.853483713230182,0.038,0.295041985789145,0.5,-16221.0063842741,34318.8244142718,22,0.840000000000146,TRUE,"",500,20,2,7,4,1220007,1320007,0,0.0381818181818248
"RDMM",3.93653521250436,0.913763440255455,0.022,0.737422166044406,0.108,-15020.0643360512,31910.7257097276,125,2.25,TRUE,"",500,20,2,7,4,1220007,1320007,0,0.018
"DGMM",NA,0.671747900858054,0.09,0.258673421318408,0.534,-16926.7153019653,35730.2422496542,12,0.579999999999927,TRUE,"",500,20,2,8,4,1220008,1320008,0,0.0483333333333273
"RDMM",3.91293078419684,0.96032053599122,0.01,0.756091890838937,0.102,-15642.5602974828,33155.7176325906,219,3.63999999999942,TRUE,"",500,20,2,8,4,1220008,1320008,0,0.0166210045662074
"DGMM",NA,0.37829559408373,0.192,0.251526037581796,0.448,-16699.4856566817,35275.7829590869,11,0.430000000000291,TRUE,"",500,20,2,9,4,1220009,1320009,0,0.0390909090909356
"RDMM",3.62089394808728,0.960320512330166,0.01,0.686697553167159,0.134,-15232.4911258605,32335.5792893461,106,1.73999999999978,TRUE,"",500,20,2,9,4,1220009,1320009,0,0.0164150943396206
"DGMM",NA,0.860906083330111,0.036,0.314397949180861,0.434,-16610.5810545256,35097.9737547748,20,0.800000000000182,TRUE,"",500,20,2,10,4,1220010,1320010,0,0.0400000000000091
"RDMM",3.82069589818992,0.868360410296783,0.034,0.713408941908467,0.118,-15343.4557215807,32557.5084807864,181,3.04999999999927,TRUE,"",500,20,2,10,4,1220010,1320010,0,0.0168508287292777
"DGMM",NA,0.853483756913984,0.038,0.364225626927791,0.402,-16751.7103411718,35380.2323280672,14,0.5600000000004,TRUE,"",500,20,2,11,4,1220011,1320011,0,0.0400000000000286
"RDMM",3.96077371557434,0.906116101459336,0.024,0.730937410798083,0.112,-15466.6992560706,32803.9955497663,185,3.01999999999953,TRUE,"",500,20,2,11,4,1220011,1320011,0,0.0163243243243218
"DGMM",NA,0.898501152374966,0.026,0.329152527000189,0.48,-16390.6029427474,34658.0175312182,20,0.75,TRUE,"",500,20,2,12,4,1220012,1320012,0,0.0375
"RDMM",4.08866634885667,0.906116185747928,0.024,0.519661788531903,0.276,-15303.0369486112,32476.6709348474,120,1.97999999999956,TRUE,"",500,20,2,12,4,1220012,1320012,0,0.0164999999999964
"DGMM",NA,0.620208585873485,0.106,0.272321609459546,0.486,-16657.4691691872,35191.7499840978,21,0.800000000000182,TRUE,"",500,20,2,13,4,1220013,1320013,0,0.0380952380952468
"RDMM",4.40373786106043,0.898500717644108,0.026,0.575469379640427,0.21,-15209.1242566861,32288.8455509972,103,1.75,TRUE,"",500,20,2,13,4,1220013,1320013,0,0.0169902912621359
"DGMM",NA,0.759903121075908,0.064,0.27969671622495,0.472,-16829.5852277893,35535.9821013021,16,0.630000000000109,TRUE,"",500,20,2,14,4,1220014,1320014,0,0.0393750000000068
"RDMM",3.86053888316449,0.898500732670873,0.026,0.74036521852933,0.106,-15473.3677851212,32817.3326078676,100,1.63000000000011,TRUE,"",500,20,2,14,4,1220014,1320014,0,0.0163000000000011
"DGMM",NA,0.00557258286359077,0.456,0.0030967814085939,0.714,-16177.1448537117,34231.1013531468,44,1.88000000000011,TRUE,"",500,20,2,15,4,1220015,1320015,0,0.0427272727272752
"RDMM",3.72140572156008,0.890916750513782,0.028,0.751473412472181,0.1,-15499.4949861524,32869.5870099298,100,1.65999999999985,TRUE,"",500,20,2,15,4,1220015,1320015,0,0.0165999999999985
"DGMM",NA,0.936897707538242,0.016,0.531443691811043,0.236,-16473.6740237735,34824.1596932705,30,1.13999999999942,TRUE,"",500,20,2,16,4,1220016,1320016,0,0.0379999999999806
"RDMM",4.34082652571542,0.936897687751031,0.016,0.742745860445341,0.106,-15145.8369980223,32162.2710336696,134,2.3100000000004,TRUE,"",500,20,2,16,4,1220016,1320016,0,0.0172388059701522
"DGMM",NA,0.929153163527545,0.018,0.334978702730415,0.45,-16207.7731329434,34292.3579116102,23,0.909999999999854,TRUE,"",500,20,2,17,4,1220017,1320017,0,0.039565217391298
"RDMM",4.23668681649102,0.960319484270941,0.01,0.7329018396225,0.114,-15279.593226428,32429.7834904811,115,1.92000000000007,TRUE,"",500,20,2,17,4,1220017,1320017,0,0.0166956521739137
"DGMM",NA,0.860905699901366,0.036,0.301685131921992,0.498,-16742.7118770316,35362.2353997867,35,1.35000000000036,TRUE,"",500,20,2,18,4,1220018,1320018,0,0.038571428571439
"RDMM",3.55713423792028,0.906116195665643,0.024,0.702135111703373,0.126,-15461.4645034672,32793.5260445595,100,1.64000000000033,TRUE,"",500,20,2,18,4,1220018,1320018,0,0.0164000000000033
"DGMM",NA,0.78101964331467,0.058,0.342095033432482,0.468,-16655.825247137,35188.4621399975,19,0.739999999999782,TRUE,"",500,20,2,19,4,1220019,1320019,0,0.0389473684210411
"RDMM",4.23288471413313,0.921442580376857,0.02,0.738850695675758,0.108,-15339.0194689036,32548.6359754322,111,1.80000000000018,TRUE,"",500,20,2,19,4,1220019,1320019,0,0.0162162162162179
"DGMM",NA,0.898501059501908,0.026,0.304526560517238,0.476,-16653.5026385247,35183.8169227729,18,0.779999999999745,TRUE,"",500,20,2,20,4,1220020,1320020,0,0.0433333333333192
"RDMM",3.86360342706183,0.94467314049612,0.014,0.786825099545242,0.086,-15278.3806869024,32427.3584114299,168,2.80000000000018,TRUE,"",500,20,2,20,4,1220020,1320020,0,0.0166666666666677
"DGMM",NA,0.791891978191158,0.055,0.290864458157346,0.485,-34559.0045061433,71204.1511065392,13,0.909999999999854,TRUE,"",1000,20,3,1,4,1230001,1330001,0,0.0699999999999888
"RDMM",3.76718134541815,0.940840836692353,0.015,0.582521416167265,0.201,-31430.2579812678,64939.7503015091,180,4.4399999999996,TRUE,"",1000,20,3,1,4,1230001,1330001,0,0.0246666666666644
"DGMM",NA,0.929225199695263,0.018,0.3689072057585,0.412,-33303.321869093,68692.7858324386,12,0.840000000000146,TRUE,"",1000,20,3,2,4,1230002,1330002,0,0.0700000000000121
"RDMM",3.92653881757456,0.956440431955499,0.011,0.735301820114979,0.11,-30859.4807003624,63798.1957396985,100,2.5,TRUE,"",1000,20,3,2,4,1230002,1330002,0,0.025
"DGMM",NA,0.00475169594235072,0.463,0.00378412856250026,0.711,-31985.2098343573,66056.5617629672,32,2.28999999999996,TRUE,"",1000,20,3,3,4,1230003,1330003,0.00999999999930878,0.0715624999999989
"RDMM",3.87408453129302,0.936960932763956,0.016,0.708512234844782,0.123,-30712.1052788509,63503.4448966755,157,3.90999999999985,TRUE,"",1000,20,3,3,4,1230003,1330003,0.00999999999930878,0.0249044585987252
"DGMM",NA,0.371469592442024,0.195,0.157013808366623,0.565,-32967.6507002816,68021.4434948159,17,1.21000000000004,TRUE,"",1000,20,3,4,4,1230004,1330004,0.0200000000004366,0.0711764705882374
"RDMM",3.9048666206684,0.933089088374658,0.017,0.761702621090815,0.097,-30434.1036661777,62947.441671329,100,2.64999999999964,TRUE,"",1000,20,3,4,4,1230004,1330004,0.0200000000004366,0.0264999999999964
"DGMM",NA,0.227136060006017,0.261,0.0871260161441562,0.608,-33644.7365109052,69375.6151160629,39,2.77999999999975,TRUE,"",1000,20,3,5,4,1230005,1330005,0,0.0712820512820447
"RDMM",3.75795933067584,0.948623789580629,0.013,0.735499466114765,0.11,-31091.4907891881,64262.2159173499,233,5.8100000000004,TRUE,"",1000,20,3,5,4,1230005,1330005,0,0.0249356223175983
"DGMM",NA,0.891026925555944,0.028,0.323874362045899,0.489,-33491.067347858,69068.2767899687,13,0.909999999999854,TRUE,"",1000,20,3,6,4,1230006,1330006,0,0.0699999999999888
"RDMM",4.09848118653696,0.956440399038085,0.011,0.767932929286084,0.095,-30923.9825408294,63927.1994206324,189,4.69999999999982,TRUE,"",1000,20,3,6,4,1230006,1330006,0,0.0248677248677239
"DGMM",NA,0.891026942397631,0.028,0.361190675818593,0.463,-32999.4648043348,68085.0717029221,13,0.940000000000509,TRUE,"",1000,20,3,7,4,1230007,1330007,0,0.0723076923077315
"RDMM",4.11749111000215,0.929225186681783,0.018,0.75332627634303,0.101,-30426.8860236553,62933.0063862843,161,4.05999999999949,TRUE,"",1000,20,3,7,4,1230007,1330007,0,0.0252173913043447
"DGMM",NA,0.849934106795235,0.039,0.332465772952595,0.411,-33801.6748974628,69689.4918891782,13,0.9399999999996,TRUE,"",1000,20,3,8,4,1230008,1330008,0.0200000000004366,0.0723076923076615
"RDMM",3.84436042457811,0.913849805514484,0.022,0.752195099059593,0.101,-30960.4330036429,64000.1003462594,184,4.5600000000004,TRUE,"",1000,20,3,8,4,1230008,1330008,0.0200000000004366,0.0247826086956543
"DGMM",NA,0.82428798341592,0.046,0.568166645348926,0.194,-33358.3345605526,68802.8112153578,22,1.52999999999975,TRUE,"",1000,20,3,9,4,1230009,1330009,0,0.069545454545443
"RDMM",3.92158915365054,0.948624619806257,0.013,0.762158131335835,0.097,-30770.9909817575,63621.2163024886,166,4.17000000000007,TRUE,"",1000,20,3,9,4,1230009,1330009,0,0.0251204819277113
"DGMM",NA,0.868492598069375,0.034,0.294981392065546,0.472,-33597.7447476955,69281.6315896436,16,1.11999999999989,TRUE,"",1000,20,3,10,4,1230010,1330010,0,0.0699999999999932
"RDMM",4.03393617300034,0.921521455286325,0.02,0.744203546205937,0.105,-30639.5900398488,63358.4144186712,100,2.57999999999993,TRUE,"",1000,20,3,10,4,1230010,1330010,0,0.0257999999999993
"DGMM",NA,-0.00124206870700787,0.487,0.00190491347454922,0.711,-31739.2119549334,65564.5660041195,32,2.21000000000004,TRUE,"",1000,20,3,11,4,1230011,1330011,0,0.0690625000000011
"RDMM",3.8384181258979,0.956440059592509,0.011,0.750578859820436,0.103,-30445.3813627425,62969.9970644586,114,2.94000000000051,TRUE,"",1000,20,3,11,4,1230011,1330011,0,0.025789473684215
"DGMM",NA,0.483889384277653,0.152,0.203795500139414,0.554,-32478.3636696101,67042.8694334728,26,1.77000000000044,TRUE,"",1000,20,3,12,4,1230012,1330012,0,0.0680769230769399
"RDMM",4.16785695342312,0.921521507555824,0.02,0.754038036038927,0.101,-30211.6649932058,62502.5643253853,115,2.88999999999942,TRUE,"",1000,20,3,12,4,1230012,1330012,0,0.0251304347826036
"DGMM",NA,0.887250389575757,0.029,0.34880248993411,0.475,-33684.9384353385,69456.0189649295,22,1.63000000000011,TRUE,"",1000,20,3,13,4,1230013,1330013,0,0.0740909090909141
"RDMM",3.9009792666304,0.917681281951626,0.021,0.733490345045213,0.11,-30920.7337332066,63920.7018053868,100,2.46000000000004,TRUE,"",1000,20,3,13,4,1230013,1330013,0,0.0246000000000004
"DGMM",NA,0.891026921301845,0.028,0.353524305272822,0.489,-33549.7159683298,69185.5740309123,15,1.10999999999967,TRUE,"",1000,20,3,14,4,1230014,1330014,0,0.0739999999999782
"RDMM",4.19788113534358,0.906210141409497,0.024,0.714980703329734,0.119,-30868.6756045504,63816.5855480744,267,6.64000000000033,TRUE,"",1000,20,3,14,4,1230014,1330014,0,0.0248689138576791
"DGMM",NA,0.913849848606803,0.022,0.740382527641002,0.107,-32999.8376473032,68085.8173888589,19,1.30000000000018,TRUE,"",1000,20,3,15,4,1230015,1330015,0,0.0684210526315885
"RDMM",4.42352679260522,0.940840840209178,0.015,0.784933872846658,0.087,-30514.4622297407,63108.1587984551,100,2.72000000000025,TRUE,"",1000,20,3,15,4,1230015,1330015,0,0.0272000000000025
"DGMM",NA,0.00103651058862608,0.479,-4.07448784623946e-05,0.732,-32607.4820193286,67301.1061329099,30,2.13000000000011,TRUE,"",1000,20,3,16,4,1230016,1330016,0.0100000000002183,0.0710000000000036
"RDMM",3.44166702980193,0.95252848172299,0.012,0.791666303261535,0.084,-31111.3153967667,64301.8651325071,109,2.71999999999935,TRUE,"",1000,20,3,16,4,1230016,1330016,0.0100000000002183,0.024954128440361
"DGMM",NA,0.406477658248565,0.181,0.182176318552911,0.552,-33357.0005391205,68800.1431724936,25,1.8100000000004,TRUE,"",1000,20,3,17,4,1230017,1330017,0,0.072400000000016
"RDMM",3.9206265605796,0.891027007397058,0.028,0.76672432627575,0.095,-30943.2353388067,63965.7050165871,256,6.38000000000011,TRUE,"",1000,20,3,17,4,1230017,1330017,0,0.0249218750000004
"DGMM",NA,0.861045173282121,0.036,0.357690821048199,0.401,-33376.2720693582,68838.6862329691,13,0.910000000000764,TRUE,"",1000,20,3,18,4,1230018,1330018,0,0.0700000000000588
"RDMM",4.09334060349827,0.936960883864831,0.016,0.731709291499677,0.111,-30687.7824940074,63454.7993269883,100,2.50999999999931,TRUE,"",1000,20,3,18,4,1230018,1330018,0,0.0250999999999931
"DGMM",NA,0.864764987354326,0.035,0.56669324691136,0.195,-32757.6756959259,67601.4934861043,25,1.81999999999971,TRUE,"",1000,20,3,19,4,1230019,1330019,0,0.0727999999999884
"RDMM",4.08527202610067,0.917681607256691,0.021,0.754787644641109,0.1,-30385.95381063,62851.1419602337,100,2.57000000000062,TRUE,"",1000,20,3,19,4,1230019,1330019,0,0.0257000000000062
"DGMM",NA,0.910025982483694,0.023,0.329272991689742,0.474,-33771.9688069345,69630.0797081216,16,1.11999999999989,TRUE,"",1000,20,3,20,4,1230020,1330020,0.00999999999930878,0.0699999999999932
"RDMM",4.03021510771021,0.93696090562204,0.016,0.765939478821197,0.096,-30861.6459307759,63802.5262005254,100,2.56999999999971,TRUE,"",1000,20,3,20,4,1230020,1330020,0.00999999999930878,0.0256999999999971
"DGMM",NA,0.437989498028458,0.169,0.177903881370394,0.571,-66796.5143942485,135888.501331279,25,3.39000000000033,TRUE,"",2000,20,4,1,4,1240001,1340001,0,0.135600000000013
"RDMM",3.99940207137738,0.91772284706722,0.021,0.754608541975375,0.1,-61668.0347144463,125623.941069215,100,4.39000000000033,TRUE,"",2000,20,4,1,4,1240001,1340001,0,0.0439000000000033
"DGMM",NA,0.379168757176476,0.192,0.169434742353121,0.521,-65170.0172857121,132635.507114206,20,2.72000000000025,TRUE,"",2000,20,4,2,4,1240002,1340002,0,0.136000000000013
"RDMM",4.16286556676486,0.935056522829424,0.0165,0.769574172926501,0.0935,-60683.5724158135,123655.016471949,100,4.30000000000018,TRUE,"",2000,20,4,2,4,1240002,1340002,0,0.0430000000000018
"DGMM",NA,0.358503395031185,0.2005,0.144813526257082,0.5765,-67150.1058829786,136595.684308739,26,3.59000000000015,TRUE,"",2000,20,4,3,4,1240003,1340003,0.0100000000002183,0.138076923076929
"RDMM",4.11350965535234,0.919640821700135,0.0205,0.737442488115,0.1085,-62270.5131544456,126828.897949213,125,5.34999999999945,TRUE,"",2000,20,4,3,4,1240003,1340003,0.0100000000002183,0.0427999999999956
"DGMM",NA,0.366713111254592,0.197,0.148321690076066,0.538,-67198.816855908,136693.106254598,28,3.97000000000025,TRUE,"",2000,20,4,4,4,1240004,1340004,0,0.141785714285723
"RDMM",3.8289682569359,0.931190382942821,0.0175,0.738222270863254,0.1085,-62090.440472495,126468.752585312,103,4.34000000000015,TRUE,"",2000,20,4,4,4,1240004,1340004,0,0.0421359223300985
"DGMM",NA,0.413022795528835,0.1785,0.190285165791535,0.5255,-65811.8611847671,133919.194912316,17,2.53999999999996,TRUE,"",2000,20,4,5,4,1240005,1340005,0,0.14941176470588
"RDMM",4.03824827947062,0.925406449014984,0.019,0.792114200618795,0.084,-60621.0937521561,123530.059144634,100,4.30999999999949,TRUE,"",2000,20,4,5,4,1240005,1340005,0,0.0430999999999949
"DGMM",NA,0.477216489308292,0.1545,0.197031282719041,0.55,-66172.2991124009,134640.070767583,15,2.0600000000004,TRUE,"",2000,20,4,6,4,1240006,1340006,0,0.13733333333336
"RDMM",4.17420225843562,0.948650324865689,0.013,0.787263784134461,0.086,-61173.8293713722,124635.530383066,100,4.32999999999993,TRUE,"",2000,20,4,6,4,1240006,1340006,0,0.0432999999999993
"DGMM",NA,0.894863416971903,0.027,0.345646669494041,0.4,-68488.8998185213,139273.272179824,16,2.14000000000033,TRUE,"",2000,20,4,7,4,1240007,1340007,0.00999999999930878,0.13375000000002
"RDMM",3.86072014815583,0.913892891859795,0.022,0.748334938018345,0.1025,-61713.8459158232,125715.563471969,141,6.03999999999996,TRUE,"",2000,20,4,7,4,1240007,1340007,0.00999999999930878,0.0428368794326239
"DGMM",NA,0.892971525608022,0.0275,0.31141367067174,0.4715,-68581.4987644554,139458.470071693,15,2.06999999999971,TRUE,"",2000,20,4,8,4,1240008,1340008,0.0199999999995271,0.137999999999981
"RDMM",3.98922648252101,0.936992498956626,0.016,0.731420609822025,0.1115,-61919.5716160529,126127.014872428,300,12.8500000000004,TRUE,"",2000,20,4,8,4,1240008,1340008,0.0199999999995271,0.0428333333333345
"DGMM",NA,0.900551336969457,0.0255,0.331561970541449,0.451,-66845.5538275311,135986.580197844,17,2.30999999999949,TRUE,"",2000,20,4,9,4,1240009,1340009,0,0.135882352941147
"RDMM",4.09279095205342,0.933122561019289,0.017,0.748979515898705,0.103,-61586.9901228207,125461.851885964,100,4.32999999999993,TRUE,"",2000,20,4,9,4,1240009,1340009,0,0.0432999999999993
"DGMM",NA,0.460799073149394,0.1605,0.193309277686128,0.5165,-66437.50285856,135170.478259902,18,2.44999999999982,TRUE,"",2000,20,4,10,4,1240010,1340010,0,0.136111111111101
"RDMM",4.08367664374472,0.921560761461061,0.02,0.735879396434273,0.109,-61309.7118914243,124907.295423171,100,4.36000000000058,TRUE,"",2000,20,4,10,4,1240010,1340010,0,0.0436000000000058
"DGMM",NA,0.424849373973594,0.174,0.174816937312003,0.53,-66118.7096384567,134532.891819695,16,2.22000000000025,TRUE,"",2000,20,4,11,4,1240011,1340011,0,0.138750000000016
"RDMM",3.89397539280938,0.921560762756996,0.02,0.746678482051414,0.104,-61292.7630699628,124873.397780248,100,4.34000000000015,TRUE,"",2000,20,4,11,4,1240011,1340011,0,0.0434000000000015
"DGMM",NA,0.48278773958149,0.1525,0.195563429517335,0.5405,-67084.8680965328,136465.208735847,19,2.60999999999967,TRUE,"",2000,20,4,12,4,1240012,1340012,0,0.137368421052614
"RDMM",3.99991404969348,0.931190579605523,0.0175,0.786931711525492,0.0865,-61447.4548552409,125182.781350804,135,6.01000000000022,TRUE,"",2000,20,4,12,4,1240012,1340012,0,0.0445185185185201
"DGMM",NA,0.891081527092998,0.028,0.31980372383373,0.4275,-66969.7018479353,136234.876238652,17,2.22000000000025,TRUE,"",2000,20,4,13,4,1240013,1340013,0.0199999999995271,0.130588235294133
"RDMM",4.08543042118388,0.93119058318499,0.0175,0.762537319151152,0.0975,-60809.7916733011,123907.454986924,112,4.72000000000025,TRUE,"",2000,20,4,13,4,1240013,1340013,0.0199999999995271,0.0421428571428594
"DGMM",NA,0.393944549120411,0.186,0.169059658018058,0.505,-66099.7553331406,134494.983209063,29,3.94000000000051,TRUE,"",2000,20,4,14,4,1240014,1340014,0,0.135862068965535
"RDMM",4.15881505200869,0.944756155810889,0.014,0.768636292416911,0.0945,-61153.3639918204,124594.599623963,100,4.35999999999967,TRUE,"",2000,20,4,14,4,1240014,1340014,0,0.0435999999999967
"DGMM",NA,0.386477250152989,0.189,0.154046948906824,0.552,-66373.6420924785,135042.756727739,28,3.77999999999975,TRUE,"",2000,20,4,15,4,1240015,1340015,0,0.134999999999991
"RDMM",3.90003894596763,0.927332596224488,0.0185,0.766640399265431,0.095,-61434.6770340435,125157.225708409,100,4.27999999999975,TRUE,"",2000,20,4,15,4,1240015,1340015,0,0.0427999999999975
"DGMM",NA,0.574357936769248,0.121,0.241594132991896,0.47,-66377.5557428592,135050.5840285,14,1.96000000000004,TRUE,"",2000,20,4,16,4,1240016,1340016,0.0200000000004366,0.140000000000003
"RDMM",4.10328210518644,0.927332659606457,0.0185,0.792804860944953,0.0835,-61304.4549951198,124896.781630562,100,4.34000000000015,TRUE,"",2000,20,4,16,4,1240016,1340016,0.0200000000004366,0.0434000000000015
"DGMM",NA,0.940870430859838,0.015,0.335348405875747,0.466,-65497.6261803727,133290.724903527,15,2.10000000000036,TRUE,"",2000,20,4,17,4,1240017,1340017,0.0199999999995271,0.140000000000024
"RDMM",4.33022008805028,0.942812402453565,0.0145,0.765007758064107,0.0965,-60494.8962309645,123277.664102251,123,5.25,TRUE,"",2000,20,4,17,4,1240017,1340017,0.0199999999995271,0.0426829268292683
"DGMM",NA,0.436635195765079,0.1695,0.185968741985942,0.5525,-67320.728876201,136936.930295184,20,2.75,TRUE,"",2000,20,4,18,4,1240018,1340018,0,0.1375
"RDMM",3.95248444689384,0.948650326725174,0.013,0.754524347955796,0.101,-61913.9955941431,126115.862828608,135,5.79999999999927,TRUE,"",2000,20,4,18,4,1240018,1340018,0,0.0429629629629576
"DGMM",NA,0.910071033321296,0.023,0.360021688245913,0.425,-66585.9577947714,135467.388132325,15,2.06999999999971,TRUE,"",2000,20,4,19,4,1240019,1340019,0.0100000000002183,0.137999999999981
"RDMM",4.14114455773026,0.938930459579498,0.0155,0.752876142415069,0.1015,-61331.3181435531,124950.507927428,100,4.34000000000015,TRUE,"",2000,20,4,19,4,1240019,1340019,0.0100000000002183,0.0434000000000015
"DGMM",NA,0.877907953255925,0.0315,0.324612641706682,0.451,-67427.4452907198,137150.363124221,14,1.88000000000011,TRUE,"",2000,20,4,20,4,1240020,1340020,0.0200000000004366,0.134285714285722
"RDMM",4.00363161479011,0.952552276499033,0.012,0.777618472793429,0.0905,-61182.252321046,124652.376282414,126,5.57000000000062,TRUE,"",2000,20,4,20,4,1240020,1340020,0.0200000000004366,0.0442063492063541
"DGMM",NA,-8.62270161918609e-05,0.487,0.186514186760742,0.563,-59135.2594798102,122290.832531988,23,1.80000000000018,TRUE,"",1000,40,5,1,4,1250001,1350001,0,0.0782608695652253
"RDMM",3.86922425887603,0.972168151486478,0.007,0.836722459507038,0.065,-56008.2976862056,116030.0011895,128,5.63999999999942,TRUE,"",1000,40,5,1,4,1250001,1350001,0,0.0440624999999955
"DGMM",NA,0.879723921691683,0.031,0.389884382175903,0.348,-63088.6773118086,130197.668195985,12,0.970000000000255,TRUE,"",1000,40,5,2,4,1250002,1350002,0,0.0808333333333546
"RDMM",3.70121904580964,0.964288258760505,0.009,0.813501831804855,0.075,-56356.7819315022,116726.969680093,144,6.39000000000033,TRUE,"",1000,40,5,2,4,1250002,1350002,0,0.0443750000000023
"DGMM",NA,0.956440401786792,0.011,0.76801376710111,0.096,-61924.709492354,127869.732557076,13,1.14000000000033,TRUE,"",1000,40,5,3,4,1250003,1350003,0.0199999999995271,0.0876923076923329
"RDMM",4.15485451146913,0.972168144675652,0.007,0.821734969420087,0.072,-55570.5387425525,115154.483302194,100,4.44999999999982,TRUE,"",1000,40,5,3,4,1250003,1350003,0.0199999999995271,0.0444999999999982
"DGMM",NA,0.388493380124246,0.188,0.147264273364651,0.487,-63141.6521779082,130303.617928184,23,1.9399999999996,TRUE,"",1000,40,5,4,4,1250004,1350004,0,0.0843478260869391
"RDMM",3.84747230314679,0.94862424785521,0.013,0.794727387720441,0.083,-56574.5812826834,117162.568382456,140,6.24000000000069,TRUE,"",1000,40,5,4,4,1250004,1350004,0,0.0445714285714335
"DGMM",NA,0.344912798541526,0.206,0.154478237091914,0.547,-62374.9690123678,128770.251597103,20,1.72999999999956,TRUE,"",1000,40,5,5,4,1250005,1350005,0.00999999999930878,0.0864999999999782
"RDMM",3.8220034504002,0.960360249728867,0.01,0.79193804124877,0.086,-57117.6851508875,118248.776118864,185,8.25,TRUE,"",1000,40,5,5,4,1250005,1350005,0.00999999999930878,0.0445945945945946
"DGMM",NA,0.497972561025252,0.147,0.213897395614354,0.548,-62638.2652973673,129296.844167102,17,1.42000000000007,TRUE,"",1000,40,5,6,4,1250006,1350006,0.0200000000004366,0.0835294117647102
"RDMM",3.66738209547596,0.972168141714655,0.007,0.599812304272743,0.196,-56696.8333718966,117407.072560882,165,7.42000000000007,TRUE,"",1000,40,5,6,4,1250006,1350006,0.0200000000004366,0.0449696969696974
"DGMM",NA,0.933089063504733,0.017,0.717691953924333,0.118,-61621.5121069166,127263.337786201,15,1.20999999999913,TRUE,"",1000,40,5,7,4,1250007,1350007,0,0.0806666666666085
"RDMM",4.15470186563791,0.968224216124273,0.008,0.813180682019566,0.075,-56156.4661533323,116326.338123753,100,4.47999999999956,TRUE,"",1000,40,5,7,4,1250007,1350007,0,0.0447999999999956
"DGMM",NA,0.940840848756541,0.015,0.396346917511566,0.356,-61194.9270015078,126410.167575383,12,0.970000000001164,TRUE,"",1000,40,5,8,4,1250008,1350008,0,0.0808333333334303
"RDMM",4.15580087996426,0.988024014121838,0.003,0.863633465563403,0.054,-55554.6310067541,115122.667830597,118,5.45999999999913,TRUE,"",1000,40,5,8,4,1250008,1350008,0,0.0462711864406706
"DGMM",NA,0.225989032031893,0.262,0.0927960607947027,0.562,-61850.3377589716,127720.989090311,23,1.88999999999942,TRUE,"",1000,40,5,9,4,1250009,1350009,0.0100000000002183,0.082173913043453
"RDMM",4.30177887358021,0.956440415183938,0.011,0.760933026248256,0.098,-56613.4468765868,117240.299570262,163,7.14999999999964,TRUE,"",1000,40,5,9,4,1250009,1350009,0.0100000000002183,0.0438650306748444
"DGMM",NA,0.340438300765003,0.208,0.168826095887817,0.473,-61895.9684681759,127812.250508719,37,3,TRUE,"",1000,40,5,10,4,1250010,1350010,0,0.0810810810810811
"RDMM",4.08292797934693,0.960360345944569,0.01,0.8011657751115,0.08,-56622.0933629036,117257.592542896,100,4.5,TRUE,"",1000,40,5,10,4,1250010,1350010,0,0.045
"DGMM",NA,0.944728728335295,0.014,0.333284571420356,0.444,-61561.3730226459,127143.059617659,14,1.11999999999898,TRUE,"",1000,40,5,11,4,1250011,1350011,0.0100000000002183,0.0799999999999272
"RDMM",4.03685356768075,0.968224224548222,0.008,0.821632718211975,0.071,-55414.7993448957,114843.00450688,106,4.72000000000116,TRUE,"",1000,40,5,11,4,1250011,1350011,0.0100000000002183,0.0445283018868034
"DGMM",NA,-0.000682002859781756,0.497,0.245147758851422,0.517,-59537.42140081,123095.156373988,30,2.35999999999876,TRUE,"",1000,40,5,12,4,1250012,1350012,0,0.0786666666666254
"RDMM",3.77681953736961,0.980080063265914,0.005,0.80243824958023,0.08,-56522.4479520253,117058.301721139,100,4.48000000000138,TRUE,"",1000,40,5,12,4,1250012,1350012,0,0.0448000000000138
"DGMM",NA,0.940840844761702,0.015,0.65274179245424,0.158,-62291.9470220362,128604.20761644,16,1.31000000000131,TRUE,"",1000,40,5,13,4,1250013,1350013,0,0.0818750000000819
"RDMM",3.91628532856029,0.9840480482107,0.004,0.81343105999984,0.075,-55781.466059357,115576.337935803,163,7.25,TRUE,"",1000,40,5,13,4,1250013,1350013,0,0.044478527607362
"DGMM",NA,0.933089084100946,0.017,0.597226821101616,0.201,-61376.6137019417,126773.540976251,12,0.980000000001382,TRUE,"",1000,40,5,14,4,1250014,1350014,0,0.0816666666667819
"RDMM",4.19597934557375,0.972168161445698,0.007,0.815787514573415,0.074,-55282.1187740733,114577.643365235,145,6.58999999999833,TRUE,"",1000,40,5,14,4,1250014,1350014,0,0.0454482758620574
"DGMM",NA,0.910026090495603,0.023,0.452208425402985,0.292,-62062.7974179128,128145.908408193,13,1.05000000000109,TRUE,"",1000,40,5,15,4,1250015,1350015,0.0200000000004366,0.0807692307693147
"RDMM",4.19032785826374,0.964288256000896,0.009,0.801536487068246,0.08,-56329.5979065272,116672.601630143,140,6.21999999999935,TRUE,"",1000,40,5,15,4,1250015,1350015,0.0200000000004366,0.0444285714285668
"DGMM",NA,0.933089098042,0.017,0.414751076456963,0.346,-62585.4211225715,129191.155817511,16,1.3799999999992,TRUE,"",1000,40,5,16,4,1250016,1350016,0,0.08624999999995
"RDMM",4.07436499558381,0.976120104881412,0.006,0.820458438035762,0.072,-56322.3361849982,116658.078187085,123,5.67000000000007,TRUE,"",1000,40,5,16,4,1250016,1350016,0,0.0460975609756103
"DGMM",NA,0.401415499407067,0.183,0.246790728634,0.566,-62609.4816339603,129239.276840288,37,2.98999999999978,TRUE,"",1000,40,5,17,4,1250017,1350017,0.0200000000004366,0.0808108108108049
"RDMM",4.13294375689389,0.964288273774599,0.009,0.5645054893623,0.284,-56848.5849746669,117710.575766422,103,4.6200000000008,TRUE,"",1000,40,5,17,4,1250017,1350017,0.0200000000004366,0.0448543689320466
"DGMM",NA,0.906210347288067,0.024,0.552484772259041,0.238,-64202.1125235245,132424.538619417,12,0.979999999999563,TRUE,"",1000,40,5,18,4,1250018,1350018,0.0200000000004366,0.0816666666666303
"RDMM",3.76259975348751,0.980079983350812,0.005,0.798766463638893,0.082,-57535.5586234106,119084.52306391,235,10.5599999999995,TRUE,"",1000,40,5,18,4,1250018,1350018,0.0200000000004366,0.0449361702127638
"DGMM",NA,0.432436369087161,0.171,0.292885226626011,0.342,-62109.6039470554,128239.521466478,20,1.61000000000058,TRUE,"",1000,40,5,19,4,1250019,1350019,0.0200000000004366,0.0805000000000291
"RDMM",3.73225211000104,0.976120109185725,0.006,0.811073102375513,0.076,-55740.3383571719,115494.082531432,100,4.61000000000058,TRUE,"",1000,40,5,19,4,1250019,1350019,0.0200000000004366,0.0461000000000058
"DGMM",NA,0.459168030059476,0.161,0.210582379524658,0.455,-62696.2463565484,129412.806285464,20,1.67000000000007,TRUE,"",1000,40,5,20,4,1250020,1350020,0.0100000000002183,0.0835000000000036
"RDMM",3.76028381174905,0.960360358310858,0.01,0.750345338676498,0.103,-56413.0613737428,116839.528564574,135,6.04999999999927,TRUE,"",1000,40,5,20,4,1250020,1350020,0.0100000000002183,0.0448148148148094
"DGMM",NA,0.95252850408235,0.012,0.477559029777394,0.324,-120534.441888946,248957.540306489,10,1.28999999999905,TRUE,"",1000,80,6,1,4,1260001,1360001,0.0100000000002183,0.128999999999905
"RDMM",4.15527827799039,0.988024019417188,0.003,0.580482543040349,0.231,-107750.922049564,223383.592872447,104,12.9099999999999,TRUE,"",1000,80,6,1,4,1260001,1360001,0.0100000000002183,0.124134615384614
"DGMM",NA,0.960360326904828,0.01,0.768323933758949,0.095,-120552.337372853,248993.331274303,10,1.19000000000051,TRUE,"",1000,80,6,2,4,1260002,1360002,0.0100000000002183,0.119000000000051
"RDMM",4.05295996320534,1,0,0.863782264661011,0.054,-106813.603543957,221508.955861233,102,12.4300000000003,TRUE,"",1000,80,6,2,4,1260002,1360002,0.0100000000002183,0.121862745098042
"DGMM",NA,0.952528484718547,0.012,0.380054082366729,0.387,-121225.548842232,250339.754213062,12,1.36000000000058,TRUE,"",1000,80,6,3,4,1260003,1360003,0.0199999999986176,0.113333333333382
"RDMM",3.83916305655652,0.988024013196399,0.003,0.810860665542948,0.077,-107066.545724767,222014.840222852,194,23.3899999999994,TRUE,"",1000,80,6,3,4,1260003,1360003,0.0199999999986176,0.120567010309275
"DGMM",NA,0.933089044195771,0.017,0.769872328858912,0.094,-Inf,Inf,6,0.780000000000655,TRUE,"",1000,80,6,4,4,1260004,1360004,0,0.130000000000109
"RDMM",3.85668063247677,0.968224201185201,0.008,0.857811664321571,0.056,-106919.526796289,221720.802365897,103,12.4699999999993,TRUE,"",1000,80,6,4,4,1260004,1360004,0,0.121067961165042
"DGMM",NA,0.853629665934129,0.038,0.63378337813376,0.155,-Inf,Inf,6,0.779999999998836,TRUE,"",1000,80,6,5,4,1260005,1360005,0.0200000000004366,0.129999999999806
"RDMM",4.11580823633314,0.995999998162726,0.001,0.809939562457516,0.077,-106012.529661446,219906.808096211,114,13.7700000000004,TRUE,"",1000,80,6,5,4,1260005,1360005,0.0200000000004366,0.120789473684214
"DGMM",NA,-0.000189824383447153,0.487,0.269268267265635,0.503,-112518.005587293,232924.667703183,20,2.39999999999964,TRUE,"",1000,80,6,6,4,1260006,1360006,0,0.119999999999982
"RDMM",4.09822818811197,0.992008005125127,0.002,0.798588485213676,0.083,-106528.817087958,220939.382949234,100,12.1900000000005,TRUE,"",1000,80,6,6,4,1260006,1360006,0,0.121900000000005
"DGMM",NA,0.47011210324109,0.157,0.214912390392404,0.444,-118765.576617285,245419.809763167,20,2.31000000000131,TRUE,"",1000,80,6,7,4,1260007,1360007,0,0.115500000000065
"RDMM",3.63391089935515,0.988024013196399,0.003,0.858387869805886,0.056,-106185.48130135,220252.711376019,100,12.1099999999988,TRUE,"",1000,80,6,7,4,1260007,1360007,0,0.121099999999988
"DGMM",NA,0.980080063265914,0.005,0.437049689925275,0.433,-119498.864809242,246886.386147081,14,1.60000000000036,TRUE,"",1000,80,6,8,4,1260008,1360008,0.0200000000004366,0.11428571428574
"RDMM",4.09312572841354,0.984048035241478,0.004,0.81389498060292,0.075,-106328.21874177,220538.186256858,280,33.8999999999996,TRUE,"",1000,80,6,8,4,1260008,1360008,0.0200000000004366,0.121071428571427
"DGMM",NA,0.33343966833846,0.211,0.140757126166504,0.498,-117575.145076546,243038.94668169,13,1.59000000000015,TRUE,"",1000,80,6,9,4,1260009,1360009,0.0200000000004366,0.122307692307703
"RDMM",3.98309465299482,0.992008007634387,0.002,0.84425091985786,0.062,-106161.740319937,220205.229413193,185,22.2599999999984,TRUE,"",1000,80,6,9,4,1260009,1360009,0.0200000000004366,0.120324324324316
"DGMM",NA,0.314948636095432,0.219,0.166864839665355,0.456,-118775.852541154,245440.361610906,23,2.73999999999978,TRUE,"",1000,80,6,10,4,1260010,1360010,0.0200000000004366,0.119130434782599
"RDMM",3.99788913406878,0.988024000552049,0.003,0.822003302294529,0.072,-107665.225290965,223212.199355248,197,23.8000000000011,TRUE,"",1000,80,6,10,4,1260010,1360010,0.0200000000004366,0.120812182741122
"DGMM",NA,0.898600472302669,0.026,0.548534689676486,0.209,-Inf,Inf,6,0.800000000001091,TRUE,"",1000,80,6,11,4,1260011,1360011,0.0100000000002183,0.133333333333515
"RDMM",3.99677877441813,0.995999979761425,0.001,0.811982594269871,0.076,-106426.075309921,220733.899393162,143,17.2800000000007,TRUE,"",1000,80,6,11,4,1260011,1360011,0.0100000000002183,0.120839160839165
"DGMM",NA,0.00469770789618711,0.463,0.191671733051811,0.552,-112570.887980445,233030.432489488,13,1.55999999999949,TRUE,"",1000,80,6,12,4,1260012,1360012,0.0199999999986176,0.119999999999961
"RDMM",3.95009148272111,0.988024016845929,0.003,0.830710169775907,0.068,-106410.935758223,220703.620289765,104,12.6800000000003,TRUE,"",1000,80,6,12,4,1260012,1360012,0.0199999999986176,0.12192307692308
"DGMM",NA,0.921521496960763,0.02,0.715190682458575,0.118,-118479.725171125,244848.106870848,11,1.26000000000022,TRUE,"",1000,80,6,13,4,1260013,1360013,0,0.114545454545474
"RDMM",4.07496374677786,0.988024013196399,0.003,0.837534231856839,0.065,-105798.639154548,219479.027082415,122,14.7199999999993,TRUE,"",1000,80,6,13,4,1260013,1360013,0,0.120655737704913
"DGMM",NA,0.956440449173991,0.011,0.758037445240389,0.1,-121505.169686882,250898.995902361,10,1.28000000000065,TRUE,"",1000,80,6,14,4,1260014,1360014,0.0200000000004366,0.128000000000065
"RDMM",3.911223480449,0.988024021310304,0.003,0.848895971217941,0.06,-107200.661583815,222283.071940948,104,12.5299999999988,TRUE,"",1000,80,6,14,4,1260014,1360014,0.0200000000004366,0.120480769230758
"DGMM",NA,0.968224192638976,0.008,0.324855786686244,0.49,-121036.957206352,249962.570941303,10,1.18000000000029,TRUE,"",1000,80,6,15,4,1260015,1360015,0,0.118000000000029
"RDMM",3.87544275401708,0.98802401226328,0.003,0.667855599718628,0.15,-106400.613340876,220682.97545507,111,13.4699999999993,TRUE,"",1000,80,6,15,4,1260015,1360015,0,0.121351351351345
"DGMM",NA,0.373925895273397,0.194,0.187079457415978,0.46,-116586.48943964,241061.635407877,20,2.30999999999949,TRUE,"",1000,80,6,16,4,1260016,1360016,0,0.115499999999975
"RDMM",4.03959481669898,0.980080080127984,0.005,0.838712545930068,0.064,-105645.410818954,219172.570411227,151,18.2100000000009,TRUE,"",1000,80,6,16,4,1260016,1360016,0,0.120596026490072
"DGMM",NA,0.960360335064719,0.01,0.793192743182447,0.084,-119988.610606801,247865.8777422,9,1.04000000000087,TRUE,"",1000,80,6,17,4,1260017,1360017,0.0100000000002183,0.115555555555653
"RDMM",4.0520364746902,0.992008003575289,0.002,0.805935877497689,0.079,-106660.455930346,221202.660634011,110,13.1700000000001,TRUE,"",1000,80,6,17,4,1260017,1360017,0.0100000000002183,0.119727272727273
"DGMM",NA,0.968224225833516,0.008,0.791236454600536,0.085,-117819.005613078,243526.667754754,10,1.14000000000124,TRUE,"",1000,80,6,18,4,1260018,1360018,0.0199999999986176,0.114000000000124
"RDMM",4.44088850816386,0.995999999449395,0.001,0.847058460063887,0.061,-106167.571979098,220216.892731515,100,12.3899999999994,TRUE,"",1000,80,6,18,4,1260018,1360018,0.0199999999986176,0.123899999999994
"DGMM",NA,0.802618729689972,0.052,0.633739102947007,0.157,-Inf,Inf,6,0.779999999998836,TRUE,"",1000,80,6,19,4,1260019,1360019,0.0200000000004366,0.129999999999806
"RDMM",3.63250690562066,0.984048048130909,0.004,0.716789154765175,0.125,-108055.429769908,223992.608313135,137,16.5,TRUE,"",1000,80,6,19,4,1260019,1360019,0.0200000000004366,0.12043795620438
"DGMM",NA,0.440335105981033,0.168,0.193944015314706,0.495,-113763.112838222,235414.882205041,33,3.61000000000058,TRUE,"",1000,80,6,20,4,1260020,1360020,0.0200000000004366,0.109393939393957
"RDMM",4.44132430772515,0.995999999984994,0.001,0.860984729015048,0.055,-104188.763583607,216259.275940533,144,17.6299999999992,TRUE,"",1000,80,6,20,4,1260020,1360020,0.0200000000004366,0.12243055555555
