"Iteration","LogLik","Nu","Pi11","Eta111","Start"
1,-31196.4656175725,5.07285865305016,0.48271862300438,2.71320478536786,"101"
2,-30966.9264963508,4.56972072637049,0.489905058091393,2.72948378487576,"101"
3,-30843.4428686803,4.35536471881412,0.494661210231769,2.7180808194573,"101"
4,-30788.1479241435,4.29876935803299,0.492740383394771,2.70673007810445,"101"
5,-30739.483222342,4.29203164628072,0.492569322264939,2.71915227477542,"101"
6,-30719.3887561635,4.29536314720585,0.49210601641285,2.69427139584427,"101"
7,-30702.1653271583,4.30501464460878,0.492182639312065,2.70007044959006,"101"
8,-30686.6720316111,4.30411572411901,0.49260512054762,2.6874498702651,"101"
9,-30677.0253178217,4.29373336220922,0.492494056358019,2.65015042239729,"101"
10,-30670.2074116486,4.28220803423546,0.492473445517401,2.67011829682288,"101"
11,-30660.2749666796,4.2723191180529,0.492157051673248,2.65801450090251,"101"
12,-30654.8307361898,4.26152058606088,0.491925742967888,2.66694494076795,"101"
13,-30650.7806313238,4.24153992438328,0.491778434370697,2.65382245083561,"101"
14,-30646.1042007153,4.23546533887834,0.491252601464599,2.66558959368304,"101"
15,-30642.5928397005,4.22533906704088,0.492326814452678,2.63628828832633,"101"
16,-30635.8367293581,4.20945474627774,0.490749952109799,2.6478732805833,"101"
17,-30631.3183471072,4.20810247051111,0.490407384825411,2.65021900880511,"101"
18,-30626.4220343729,4.20532502925852,0.490810221068498,2.6614970388501,"101"
19,-30631.3251236591,4.19827618698708,0.491201081440654,2.64765683999955,"101"
20,-30629.4637699948,4.1978895284312,0.490765504466642,2.65995429326821,"101"
21,-30626.8674812125,4.19378282363842,0.491413935265176,2.65860574628395,"101"
22,-30628.2928479057,4.19161200977993,0.491694816656691,2.62932229114727,"101"
23,-30624.2203091845,4.18410001005313,0.492130733512183,2.64891238885236,"101"
24,-30618.4035440044,4.16537049245436,0.49217874018143,2.63320745550504,"101"
25,-30614.417993814,4.17601002123604,0.4915259123616,2.65837347545691,"101"
26,-30613.7922707356,4.16650913044058,0.491028673350677,2.61541052539048,"101"
27,-30615.0817248162,4.17411880564443,0.491128563475411,2.62791934736947,"101"
28,-30608.8713279926,4.17269186587193,0.491391970782903,2.62409400491174,"101"
29,-30610.6995887272,4.16233515455514,0.491515712616433,2.62526628549032,"101"
30,-30611.2294434972,4.16155242270126,0.492427641854932,2.63745218218298,"101"
31,-30610.0729603535,4.15666538857743,0.492094222046831,2.62506038542873,"101"
32,-30612.4317271973,4.13963866415419,0.492126509877831,2.60490010058618,"101"
33,-30609.0903819462,4.1569283746309,0.492160213643246,2.60584159720189,"101"
34,-30605.011241401,4.16314980392647,0.491617555934938,2.59476346849558,"101"
35,-30605.816533566,4.15656140763249,0.491185372449522,2.61977648161479,"101"
36,-30603.120145429,4.1782874731609,0.491731270288422,2.60079044152991,"101"
37,-30604.7852037292,4.17547673381856,0.490491054728331,2.59501369845853,"101"
38,-30603.7894614141,4.17131361031987,0.491087264870814,2.60164888263255,"101"
39,-30604.9807577555,4.17083763917708,0.490980362707055,2.61175100814421,"101"
40,-30602.9826593973,4.16681710647047,0.491087204731463,2.61130651283356,"101"
41,-30601.9574055069,4.162350579052,0.491727416184615,2.6023730788079,"101"
42,-30602.286054419,4.16307318525411,0.490927349689353,2.60254459650626,"101"
43,-30608.7043970318,4.16789992293881,0.49112716978854,2.58778878267359,"101"
44,-30609.9583663983,4.18107971606772,0.490267073012154,2.59460254203141,"101"
45,-30602.5975930084,4.17019595912898,0.490500211385316,2.61160435686299,"101"
46,-30604.6620581335,4.17599193132193,0.490807140288497,2.6126846040454,"101"
47,-30603.2290994593,4.16158267158427,0.49118009792257,2.60574998021461,"101"
48,-30603.2702126957,4.16077716924456,0.490869786765552,2.6337632735887,"101"
49,-30601.9680084052,4.14106575642261,0.490662180434991,2.62886898330329,"101"
50,-30604.2482904278,4.13023518211095,0.490344302176884,2.6164467734275,"101"
51,-30604.3946137721,4.1393279823368,0.490294301825358,2.64757737302058,"101"
52,-30608.0858632703,4.14112315082774,0.490287406560869,2.62997165120149,"101"
53,-30606.6878640334,4.13774680622227,0.490801884191896,2.62671740881394,"101"
54,-30606.4289163837,4.12137156279803,0.49118747145629,2.63668164425053,"101"
55,-30605.2600390048,4.1226551638035,0.491336735901721,2.6554648060908,"101"
56,-30604.7622672378,4.12805567318122,0.492618751961863,2.6487058993642,"101"
57,-30604.6871611198,4.1300533372192,0.492722336409107,2.62062040186039,"101"
58,-30602.0591641261,4.11994464681608,0.492573899253114,2.6351254815872,"101"
59,-30600.8646451576,4.13209649139222,0.492851429899654,2.63235166837928,"101"
60,-30596.7485633649,4.13345960588118,0.49159533052547,2.64233657333536,"101"
61,-30603.8725339636,4.11375032744549,0.491483150412705,2.66680302707481,"101"
62,-30604.494394088,4.10961779121203,0.492174747177865,2.62329758127802,"101"
63,-30606.2429393702,4.12310221769532,0.492332144000879,2.6498796934671,"101"
64,-30604.0570484438,4.12231435546645,0.492069680181376,2.6541144095173,"101"
65,-30597.3653241601,4.12098790654551,0.492165544978788,2.65029100236671,"101"
66,-30596.4276718102,4.13430680463334,0.49152251710483,2.65564128963686,"101"
67,-30600.7495704352,4.1084817514841,0.491337421716257,2.67482724883132,"101"
68,-30599.7752570791,4.09980108937718,0.490851918867318,2.64732747066315,"101"
69,-30601.7581233851,4.10004310080808,0.490950030936718,2.6169333919925,"101"
70,-30601.0271976506,4.10605766286781,0.4913779794015,2.63426837899039,"101"
71,-30597.7530350375,4.10413789642324,0.490552478761307,2.63731352989422,"101"
72,-30601.68134467,4.10654815801799,0.490127554258666,2.61118554542116,"101"
73,-30605.4476199746,4.08887515423181,0.490207888889072,2.60648386719997,"101"
74,-30604.9615651212,4.09309817510857,0.490690111887989,2.59859069327386,"101"
75,-30604.0733008427,4.0993103005826,0.491153369321812,2.59863578606015,"101"
76,-30605.0725351667,4.08672278006635,0.490991214459703,2.58801451909652,"101"
77,-30607.5953054577,4.07909100190515,0.490780124219901,2.58360251803672,"101"
78,-30603.4415858479,4.08101037501935,0.492211023986573,2.57398980699909,"101"
79,-30609.1154255133,4.08512871870598,0.491553836698093,2.59595783538677,"101"
80,-30605.3512658716,4.09922983848273,0.490614608695738,2.5774281630163,"101"
81,-30604.1286772623,4.112335938461,0.490146552779499,2.58256792977177,"101"
82,-30602.8953618439,4.11888407934861,0.490092534358205,2.59034208888401,"101"
83,-30606.225424214,4.11010383864905,0.489853670791053,2.58427273882985,"101"
84,-30604.2073863314,4.1092120692799,0.490751288304398,2.57445682260974,"101"
85,-30599.4519636303,4.11674701254707,0.490474757820825,2.59184739019356,"101"
86,-30602.5130466617,4.11687788444455,0.48937175795259,2.57148727528208,"101"
87,-30600.7557672208,4.11684551524247,0.490030819759218,2.56431398805666,"101"
88,-30601.6192125871,4.11747705826675,0.490493818995258,2.57502075517915,"101"
89,-30598.5770727424,4.12101897606749,0.490663109764997,2.58787489945583,"101"
90,-30599.5261449751,4.14594975436205,0.490160825545741,2.59647507873687,"101"
91,-30603.5804078211,4.15946241596711,0.490477974223635,2.62892139594136,"101"
92,-30603.0718008811,4.15738090098013,0.490522934910446,2.63351157896189,"101"
93,-30597.381119309,4.15937897829896,0.490793985605159,2.63848672697838,"101"
94,-30599.3818902402,4.1581412424169,0.490852007673442,2.6216339345331,"101"
95,-30599.5361852851,4.16080345456027,0.490760405710552,2.58571959254336,"101"
96,-30599.2086465714,4.15900061444772,0.491060360579603,2.59529359933129,"101"
97,-30599.3675130627,4.15638335195135,0.491653318239321,2.59814061246113,"101"
98,-30597.5362512848,4.16335431219764,0.492392812900401,2.59940772464736,"101"
99,-30598.5869842993,4.16033282716755,0.492857059139268,2.59661388850185,"101"
100,-30598.1288532533,4.14891630144328,0.491474115815384,2.60841124770526,"101"
1,-31195.2169679129,5.07285865305016,0.48271862300438,2.7167949926581,"203"
2,-30966.083448158,4.54606333045468,0.488993259724671,2.71207956820859,"203"
3,-30839.5845759032,4.34261760560538,0.491385031252781,2.70935195554408,"203"
4,-30781.5997328503,4.28451963573199,0.491871913874376,2.71387723046157,"203"
5,-30737.224234363,4.27192739971291,0.492441770264359,2.71534402195552,"203"
6,-30714.4686929826,4.26896018460643,0.491935882959284,2.73250887659258,"203"
7,-30685.0283808626,4.28724370116028,0.491753611244244,2.71612380067987,"203"
8,-30675.1782371798,4.2947615507615,0.491516345474671,2.70698602096645,"203"
9,-30668.6989944603,4.29622658642026,0.49137109001133,2.69847974369928,"203"
10,-30656.0008403133,4.29467711068594,0.489953157557926,2.68980672844847,"203"
11,-30651.8997156767,4.27734413376104,0.489879220905726,2.66953911771491,"203"
12,-30643.5768627382,4.26430209944423,0.491007724242067,2.65266793420265,"203"
13,-30643.4000199348,4.24392677150547,0.491054396292334,2.61849293041027,"203"
14,-30638.088004668,4.2377881789587,0.490762923479948,2.62592102775209,"203"
15,-30636.388207121,4.22900919124346,0.491799547822525,2.6242465214501,"203"
16,-30630.1932930027,4.2164857995782,0.491861337187162,2.60769590475201,"203"
17,-30622.3372917348,4.19474800409383,0.491592581810448,2.60192756264021,"203"
18,-30621.6991587399,4.19270651415937,0.491081714917521,2.5897231911412,"203"
19,-30620.4464059787,4.17961287947309,0.491520066158041,2.62107251505401,"203"
20,-30616.3975126208,4.16530012501284,0.49081101480986,2.59627150375857,"203"
21,-30618.2284650237,4.14900429006699,0.491406162276731,2.59148454210271,"203"
22,-30616.6619842084,4.14545239421271,0.492574623756136,2.59383963323261,"203"
23,-30614.0040525666,4.1486457738954,0.492182919554393,2.56842423657116,"203"
24,-30613.3757178818,4.14856228218488,0.492018659974133,2.54407249633362,"203"
25,-30614.4119079329,4.14352537337262,0.491636397722574,2.54727656481464,"203"
26,-30616.5724168951,4.14060379936524,0.491006079114607,2.53754549128276,"203"
27,-30613.1600018673,4.12648462554951,0.490755269415096,2.55299486314243,"203"
28,-30615.4994419239,4.14561554617435,0.490590321868663,2.52918961464759,"203"
29,-30610.2388118506,4.14941794892668,0.491537100489637,2.53869748645176,"203"
30,-30608.4116598267,4.13629784913245,0.490934572405178,2.53039673103693,"203"
31,-30609.1410936769,4.13728119884696,0.491068885961718,2.51898347726308,"203"
32,-30604.3856900014,4.14003619891578,0.490620337201609,2.54532882211804,"203"
33,-30602.7423494017,4.14384593629292,0.49120168747709,2.55337466825238,"203"
34,-30607.7087583144,4.14579472942489,0.490153000227848,2.53171303314945,"203"
35,-30606.4815852122,4.15293289447736,0.490085854822703,2.53891428431708,"203"
36,-30609.4912369287,4.14806469341531,0.491021066491005,2.53130772659541,"203"
37,-30608.3308658767,4.14140188031869,0.490521651567489,2.54959753516416,"203"
38,-30605.5420679083,4.13091823758711,0.490664600256538,2.55103310970303,"203"
39,-30607.7841376315,4.13692077470109,0.491302866539089,2.54275520591903,"203"
40,-30604.8543431238,4.12413779152611,0.491733658923282,2.53386555053816,"203"
41,-30604.0168999236,4.11897089689832,0.492453844735374,2.55157985814192,"203"
42,-30603.5978352181,4.12012521345464,0.492270802219948,2.53941358849657,"203"
43,-30607.6955367052,4.09747783668055,0.492172925112185,2.50849046635296,"203"
44,-30608.976754271,4.08662737555594,0.49126173246611,2.50429218479739,"203"
45,-30607.2853574322,4.06693997421042,0.490759129694532,2.49887930534805,"203"
46,-30608.5562778311,4.06015168775463,0.49124238340509,2.53039322986986,"203"
47,-30609.1235505497,4.06482752530449,0.490063327520724,2.50151078638644,"203"
48,-30605.8930295633,4.0431472944315,0.491354664242618,2.47620383099212,"203"
49,-30607.0352437994,4.03621987799006,0.49167639794529,2.4643196920487,"203"
50,-30606.9209015628,4.06672036824197,0.492418275521741,2.44638767063133,"203"
51,-30602.8697245743,4.08122466380787,0.493124325011572,2.45532738873249,"203"
52,-30603.968797992,4.09103965456553,0.49339818558457,2.4689781929268,"203"
53,-30604.2868418048,4.10286885631127,0.493573147398239,2.51455086730902,"203"
54,-30603.2630318613,4.10563054066987,0.492936037456362,2.50839621285205,"203"
55,-30602.5606936472,4.11433061373708,0.492498554623677,2.51997406555586,"203"
56,-30606.2902046263,4.11286661598763,0.492107719165081,2.50254502901978,"203"
57,-30603.3646288472,4.12209005758222,0.492850458271742,2.51850191822278,"203"
58,-30600.1968247157,4.13202335056093,0.490833440722342,2.48570158931309,"203"
59,-30600.7924188048,4.13812753309681,0.491502276948439,2.48628395903501,"203"
60,-30603.7472342725,4.13555745387488,0.491887615113595,2.48139670894829,"203"
61,-30603.5440562433,4.14673553793629,0.49214271868789,2.52219808977858,"203"
62,-30602.2344618969,4.1632229742712,0.4926394291456,2.51512623970523,"203"
63,-30604.8430341155,4.15983072588894,0.492798707002212,2.53409628210151,"203"
64,-30600.9233292348,4.15095056063934,0.492249280619334,2.51156962246047,"203"
65,-30601.5508939387,4.15697276857901,0.4925347645529,2.47414850048397,"203"
66,-30603.5524130856,4.14098861091148,0.491688467642506,2.47205900100992,"203"
67,-30601.5196195526,4.11522863116446,0.492054869665577,2.50794252907053,"203"
68,-30604.7526343528,4.09512980507855,0.492364354907367,2.49708829643669,"203"
69,-30606.0356578257,4.08419669678809,0.49300654760326,2.50483685703979,"203"
70,-30605.0112895541,4.09950210522004,0.491779262518333,2.49626992998172,"203"
71,-30598.5004290694,4.1028744467947,0.492146270157369,2.50977351251689,"203"
72,-30598.535267078,4.11560900519137,0.491680161568084,2.523288464015,"203"
73,-30604.5807675334,4.13234746387352,0.490999299454037,2.52910523856912,"203"
74,-30601.2460470183,4.12960034845547,0.490451305344556,2.54358037460178,"203"
75,-30603.5655832308,4.14946377979022,0.490356476242217,2.54633649702932,"203"
76,-30600.9748327959,4.15938555046813,0.490434927688643,2.55560860908826,"203"
77,-30594.3793472225,4.15689470076793,0.490713625370495,2.55050157787263,"203"
78,-30599.0424730281,4.15351169856203,0.489426308725462,2.54390965115163,"203"
79,-30598.8497702093,4.13773223735529,0.48893791134824,2.54430079596646,"203"
80,-30599.3670217751,4.13388251319394,0.490337229410444,2.53282019490909,"203"
81,-30605.8949883645,4.11774151765298,0.490835859472787,2.52293776076634,"203"
82,-30603.6969261698,4.10281474064999,0.491166769131001,2.50777916503911,"203"
83,-30605.8188664972,4.11266134593451,0.492130937290955,2.50846891248767,"203"
84,-30606.2428764315,4.11187339196457,0.492209395400456,2.51898203026472,"203"
85,-30603.6199867869,4.10733728195128,0.491762142781824,2.51934267138372,"203"
86,-30605.8240090573,4.09423284682393,0.492403378563233,2.51726951594332,"203"
87,-30600.0664884177,4.08767730911839,0.491932850163868,2.50506558356725,"203"
88,-30600.9643112158,4.09701648661306,0.49196892286308,2.50153708116534,"203"
89,-30600.1344165287,4.11197018197555,0.491542882111613,2.51809051641015,"203"
90,-30601.1869403482,4.13024762844931,0.491558783239966,2.48945759670344,"203"
91,-30601.9519056987,4.13073055789155,0.490944010664099,2.47954423885413,"203"
92,-30601.8791866039,4.13566216231659,0.491326132431751,2.48627729554342,"203"
93,-30600.0105374507,4.1411596379507,0.491515751979277,2.48808285490524,"203"
94,-30599.2969179269,4.13596784902673,0.491323134938027,2.46727512541398,"203"
95,-30604.1352464916,4.13836946011003,0.491574320500646,2.47673730848474,"203"
96,-30604.392346076,4.14697666440915,0.490863917266,2.50361287042153,"203"
97,-30603.8570984866,4.14373469250112,0.491674897284174,2.50828157693642,"203"
98,-30600.8599802463,4.12895243129541,0.491674985446107,2.54426270215779,"203"
99,-30600.495973961,4.10833056795927,0.491130509159353,2.54815016594511,"203"
100,-30600.195371269,4.11478873812529,0.491555532219195,2.58345808759833,"203"
1,-31187.6363264735,5.07285865305016,0.51728137699562,-2.57300651397048,"307"
2,-30962.4592090101,4.54847786387956,0.511107974765512,-2.59375409000216,"307"
3,-30846.6363829661,4.33132162754936,0.508682642427641,-2.59907964465616,"307"
4,-30787.7973314773,4.27654890520975,0.508650174402659,-2.57333150404123,"307"
5,-30760.3526213438,4.25911642090065,0.508904113953486,-2.58758076086651,"307"
6,-30734.2000408289,4.27994621468163,0.508942901585724,-2.56046542668309,"307"
7,-30708.0809609971,4.28778891694983,0.509265623908152,-2.5910985133505,"307"
8,-30696.0624946618,4.30413874812564,0.507595644821993,-2.59368718400914,"307"
9,-30677.380409709,4.31257229539461,0.508633707761258,-2.60742767214711,"307"
10,-30667.9836746064,4.30491064086789,0.50828693100213,-2.59844390208652,"307"
11,-30659.8850537959,4.29266798489423,0.508593108870384,-2.59058156928982,"307"
12,-30656.5758994487,4.2859762985448,0.508252787629945,-2.60350513413796,"307"
13,-30650.4711183907,4.27704576023174,0.507553003361698,-2.58706293404058,"307"
14,-30644.1606278032,4.25879671265897,0.509153996165512,-2.58399764042368,"307"
15,-30639.075009606,4.24563035389811,0.508382761320298,-2.5614294340258,"307"
16,-30638.9050053381,4.24215831689439,0.508482281835726,-2.55013465755403,"307"
17,-30632.1821249321,4.23871382906466,0.508226647501314,-2.55890190599357,"307"
18,-30636.1531583813,4.22947280683565,0.508982042481015,-2.582831179922,"307"
19,-30634.7416599105,4.23589967209446,0.509198765653839,-2.58825552081211,"307"
20,-30628.5907272942,4.22757687706908,0.508343564661819,-2.5529225709383,"307"
21,-30628.3575616959,4.22106821823876,0.509222857752458,-2.56191662549708,"307"
22,-30627.4059508388,4.21654943628911,0.509823234374157,-2.58301197009198,"307"
23,-30626.3526516498,4.20681729398076,0.508696739808537,-2.5897043743318,"307"
24,-30628.6690935349,4.20283709656965,0.509182538169281,-2.59815175490849,"307"
25,-30625.3951018967,4.1813447993671,0.5092440447555,-2.6173345378233,"307"
26,-30622.2353692356,4.16020280200752,0.508544681640313,-2.5950147051463,"307"
27,-30621.1968000091,4.16290995930908,0.509190063095816,-2.59928792868076,"307"
28,-30621.9482952075,4.15988583205501,0.509534903945561,-2.61289960873274,"307"
29,-30620.9719446652,4.15807182963965,0.510299491037575,-2.62605176045502,"307"
30,-30619.9674737263,4.14699305892156,0.510455744943506,-2.63392691106286,"307"
31,-30618.0643946536,4.12713309763602,0.510700391580847,-2.60399429344936,"307"
32,-30616.213774261,4.12755109124472,0.510078097350784,-2.58940127024671,"307"
33,-30617.3707620788,4.12999177885945,0.509823113830598,-2.63010999105106,"307"
34,-30615.9322593897,4.13465860427994,0.509251238713325,-2.66861042170493,"307"
35,-30620.5877179009,4.13512977742885,0.50932187535038,-2.65456982458242,"307"
36,-30620.2529018682,4.11968937572684,0.509593180968715,-2.64868092732696,"307"
37,-30618.6746489822,4.1160252004598,0.509092813810142,-2.6462659772688,"307"
38,-30616.9062379246,4.1297550424542,0.508689725343581,-2.6580901390494,"307"
39,-30616.9255906341,4.1320285953427,0.50939001380245,-2.66001775082674,"307"
40,-30611.1458876936,4.1373961066242,0.508998536276523,-2.65220761768759,"307"
41,-30612.2188808109,4.13530939522549,0.50908085246912,-2.66712053092996,"307"
42,-30611.4216752193,4.13609377253468,0.508395094856738,-2.63507664055239,"307"
43,-30617.724829176,4.14506623241965,0.507774217902372,-2.67129415083763,"307"
44,-30612.9083025911,4.16447390979554,0.507354386274523,-2.68278310684767,"307"
45,-30609.7290850476,4.1719691139115,0.50815634508869,-2.67080979048415,"307"
46,-30610.7293086423,4.18042831216065,0.508785117897566,-2.7052878806449,"307"
47,-30607.4347398833,4.17859843410112,0.50936600176492,-2.70578291171762,"307"
48,-30603.8255626535,4.18466750303347,0.509774608671567,-2.70252472848133,"307"
49,-30609.4296346498,4.18710086946838,0.509870434364978,-2.73196885658197,"307"
50,-30606.5822458676,4.16696795552643,0.508836697939231,-2.74061829271066,"307"
51,-30605.3858542417,4.16186236615215,0.51029861481221,-2.73985319710913,"307"
52,-30608.512058531,4.15751554142538,0.509966504570338,-2.71980082761719,"307"
53,-30606.4135613483,4.14908887029535,0.509818751604057,-2.6990537712612,"307"
54,-30604.6277376156,4.14146247165419,0.51022028266356,-2.70250995454525,"307"
55,-30602.7976411247,4.14004593470169,0.508807270456703,-2.69679774179706,"307"
56,-30600.3031256387,4.12447219968255,0.50881412631011,-2.68265831515259,"307"
57,-30603.1817663421,4.13944680327658,0.508901798963175,-2.69531448281441,"307"
58,-30605.9835853903,4.11841001727626,0.508772145080078,-2.71344927870939,"307"
59,-30604.4785036209,4.11780787516839,0.508975332824167,-2.76432591652387,"307"
60,-30602.0700995255,4.12700292908071,0.509266301256952,-2.74952284588725,"307"
61,-30599.2910634227,4.13203447055198,0.509097903241859,-2.76237686266234,"307"
62,-30600.6873060875,4.13779415267276,0.508915834693171,-2.74831330199362,"307"
63,-30600.6528236291,4.12667338258812,0.508680792685025,-2.77660834352453,"307"
64,-30599.9291607836,4.12015533219558,0.508067241968984,-2.75957263778884,"307"
65,-30601.9823593213,4.12703486026128,0.507363231480035,-2.77094157034897,"307"
66,-30605.5148196594,4.14742680238665,0.507940303924113,-2.76914856230289,"307"
67,-30604.3787329682,4.14334369253939,0.507543218324129,-2.78149526765254,"307"
68,-30607.9594546438,4.1264282152212,0.507766730623614,-2.80461458764945,"307"
69,-30602.1757502969,4.1489133658682,0.507645622180418,-2.79080162183548,"307"
70,-30603.1435995364,4.13152625937572,0.508257524013509,-2.80256786641037,"307"
71,-30598.2806412792,4.14001759009664,0.508007126846997,-2.76546086460284,"307"
72,-30599.3265503107,4.13970924094046,0.508625739237759,-2.75814615491463,"307"
73,-30594.2454444364,4.15003374092426,0.508278645909437,-2.73990260908919,"307"
74,-30599.9195564592,4.15392981152697,0.509217991246537,-2.77006686628471,"307"
75,-30601.5691386163,4.16568414200515,0.508979253426847,-2.76699605453502,"307"
76,-30600.510193815,4.15591780988893,0.509418002711429,-2.75725079160004,"307"
77,-30599.148991516,4.15658733153181,0.509498460731667,-2.80118623035651,"307"
78,-30601.4287785158,4.14478743227927,0.508636864810058,-2.80927518591455,"307"
79,-30599.137373353,4.14682267893291,0.508924675493005,-2.80068358301006,"307"
80,-30600.2563681612,4.16493347007607,0.508086159406229,-2.80542253646414,"307"
81,-30602.8559477034,4.1557359957384,0.50858864222912,-2.80864747330763,"307"
82,-30603.4761394473,4.14770730178335,0.509355133937355,-2.77936905403438,"307"
83,-30605.2380697392,4.15440638388827,0.509438078666675,-2.7831205464755,"307"
84,-30603.1757624823,4.15673701401715,0.508878147501553,-2.77774107056655,"307"
85,-30601.2632765195,4.15995353355619,0.509473548049814,-2.77884476454492,"307"
86,-30603.6419018163,4.15383543663818,0.509458401661561,-2.76596830557827,"307"
87,-30598.8512985247,4.15791330127295,0.509032737838595,-2.79668831910456,"307"
88,-30598.8623279207,4.15905145495128,0.508278057125301,-2.80426833268921,"307"
89,-30597.3840610632,4.16569814795412,0.508111829555726,-2.79395474957632,"307"
90,-30598.6254146725,4.15769708881026,0.508486241340428,-2.80533520397576,"307"
91,-30595.2206766983,4.15652447077112,0.509408076911474,-2.80593018082359,"307"
92,-30594.4689811076,4.15756682091347,0.510215141370748,-2.81801080841305,"307"
93,-30593.633734795,4.16957666122796,0.509860468810876,-2.8267990131287,"307"
94,-30593.4382810406,4.16587491953782,0.509251415683027,-2.80109573144026,"307"
95,-30598.6032787432,4.16057761519819,0.508992207953498,-2.79852960535763,"307"
96,-30599.4349322571,4.15946154241773,0.508360591837109,-2.81624431788217,"307"
97,-30603.0193018334,4.16560081645922,0.508030875438736,-2.81782889744632,"307"
98,-30596.3449599933,4.16589643846579,0.50861065223415,-2.80964032031734,"307"
99,-30594.7542947785,4.16252426775331,0.509338907515312,-2.8159779142637,"307"
100,-30597.1789546107,4.15776214744018,0.507990438654576,-2.83292924169306,"307"
1,-31185.7244141243,5.07285865305016,0.48271862300438,2.72396650631209,"409"
2,-30973.6620593477,4.542415547483,0.489718595196801,2.73323659254916,"409"
3,-30852.8157226282,4.32122666547716,0.49129643897516,2.71136125259068,"409"
4,-30774.2098050687,4.25306234521541,0.49211436125708,2.6584035035859,"409"
5,-30733.2574107979,4.23812053445625,0.491700965938417,2.68119152922143,"409"
6,-30705.0254134548,4.26011000330138,0.492913774906398,2.70567068306276,"409"
7,-30683.657089733,4.27779327607968,0.493514352176097,2.70577114672135,"409"
8,-30673.6141785599,4.29353977524919,0.492954772099337,2.66222218255175,"409"
9,-30665.5079902997,4.29236850545986,0.492719419676359,2.64178834558424,"409"
10,-30656.0385734686,4.29661299431808,0.492777370610939,2.65161207405743,"409"
11,-30650.3162105697,4.29345205366918,0.491793891346138,2.64196590012984,"409"
12,-30648.091887598,4.27717124386371,0.491593837146563,2.64047377249026,"409"
13,-30643.4252753101,4.26478298933547,0.492051119112962,2.65161260375025,"409"
14,-30640.3012626918,4.25912313710929,0.491514482923615,2.63104481930729,"409"
15,-30636.9472471533,4.25007038940846,0.49098583548119,2.59258934319483,"409"
16,-30634.9145350448,4.2506321603723,0.491753124999227,2.61399727188061,"409"
17,-30633.6199154865,4.23969043391124,0.491822020211095,2.58838468470672,"409"
18,-30632.0049610359,4.22393108299393,0.492293289534481,2.58971015926721,"409"
19,-30633.1140714307,4.21018371082783,0.491852751571856,2.59446778298934,"409"
20,-30632.4990615528,4.20346330349613,0.492297904436376,2.61322141316308,"409"
21,-30632.6178513228,4.20655934828209,0.492491650806041,2.57495362296214,"409"
22,-30632.9552996308,4.1790267060698,0.492739048589379,2.58360032120176,"409"
23,-30633.0134120723,4.15741093526465,0.491928284571827,2.5752538145312,"409"
24,-30633.4585651175,4.15692909197925,0.489735769890675,2.58808741271718,"409"
25,-30630.8833560822,4.17331841266931,0.490042526472231,2.57099138770593,"409"
26,-30630.8421720677,4.18098857404754,0.491159203392869,2.54511517721767,"409"
27,-30628.6396925888,4.16933745918683,0.489769285423987,2.55619266387066,"409"
28,-30624.9710127338,4.17464752316806,0.490463602812444,2.56275645567354,"409"
29,-30625.0456873558,4.16909200377596,0.490462405911239,2.54673918836768,"409"
30,-30621.4988615375,4.17665943119266,0.490230801700273,2.55616054955139,"409"
31,-30621.0866052138,4.17086213744554,0.490732680932848,2.54783406925655,"409"
32,-30617.0240471731,4.16363707991771,0.49053207154803,2.54358619312496,"409"
33,-30617.7984850228,4.15184716930038,0.49008324428499,2.56392861148846,"409"
34,-30616.4309207311,4.14945136483253,0.489620366568733,2.55366229559842,"409"
35,-30614.9137981646,4.15001845817492,0.489435447952017,2.54035341393208,"409"
36,-30612.0791737084,4.13792741019547,0.489725397174189,2.53643180875163,"409"
37,-30613.6101856573,4.14143104564527,0.491062685325825,2.53492797876153,"409"
38,-30619.0827979056,4.1501759710649,0.490863742219759,2.52536179510254,"409"
39,-30614.1998826867,4.15393582119487,0.491282968175382,2.52547074564923,"409"
40,-30614.9131769738,4.12744759846635,0.490392977266353,2.51189448316288,"409"
41,-30616.6679616298,4.13332551911711,0.490648899688743,2.50823098010919,"409"
42,-30615.2944935918,4.14271930027157,0.490615144388526,2.52209789811033,"409"
43,-30612.6174086018,4.14347286672381,0.490746061310666,2.54281644555635,"409"
44,-30613.0884851783,4.14944877132316,0.490677325855518,2.50083393613478,"409"
45,-30610.9139550312,4.14582498995498,0.489868397905099,2.51961606974774,"409"
46,-30611.9641335349,4.15416559777747,0.49046255595263,2.53834978747396,"409"
47,-30611.6641362148,4.15902294301404,0.490769777592174,2.53510762772705,"409"
48,-30612.1120244239,4.15676526981673,0.489985531233643,2.57335793295996,"409"
49,-30606.317458027,4.14775107659873,0.49034491646032,2.55377578046562,"409"
50,-30607.956068692,4.16187540567224,0.490345911627619,2.55884273421103,"409"
51,-30610.468153248,4.14840280545613,0.49028884776195,2.57963803942601,"409"
52,-30612.449218229,4.12823374026422,0.490680417718098,2.57863373235932,"409"
53,-30608.9285219025,4.12406553030356,0.490586823789671,2.56530688225714,"409"
54,-30611.8665712622,4.12236774958847,0.491104267646274,2.58661170857611,"409"
55,-30610.2266061774,4.11530855658854,0.490773004969101,2.60995146997795,"409"
56,-30606.345616775,4.11790187756668,0.490912542862687,2.58707592328692,"409"
57,-30602.6702240574,4.12632389806536,0.490825512135347,2.59452627338297,"409"
58,-30606.2196984067,4.14158936354332,0.490898044008682,2.61882253094771,"409"
59,-30607.209032449,4.12986902729639,0.491465474949052,2.61043272272691,"409"
60,-30610.95388102,4.13730648491121,0.491126509914935,2.62238555233601,"409"
61,-30605.8544558989,4.13700540783629,0.491092448921248,2.60265458515886,"409"
62,-30603.6030495549,4.14150208022839,0.490858079194328,2.6149097091157,"409"
63,-30601.2677791977,4.14327273065283,0.491146317715655,2.56888281439297,"409"
64,-30603.0359111448,4.15337850863532,0.490690096542634,2.57131158970988,"409"
65,-30604.9459675663,4.13932835434151,0.491180061666028,2.54312155451682,"409"
66,-30600.6339322305,4.12542714333533,0.490423717227274,2.54058632238348,"409"
67,-30602.4646938349,4.12564752652008,0.490508454426167,2.5701727424156,"409"
68,-30601.9595035551,4.12452471743445,0.490813657266343,2.56760880179297,"409"
69,-30607.5639348012,4.12616363499524,0.49157511768173,2.57562352826659,"409"
70,-30602.7477420253,4.10866819669835,0.491354678877499,2.57831720565014,"409"
71,-30602.1852837903,4.11651253910083,0.491324959106682,2.54436213420071,"409"
72,-30602.5684387877,4.11807155697614,0.490239501340679,2.5449146450626,"409"
73,-30606.0834368392,4.10704611757716,0.49095946782884,2.54892026181151,"409"
74,-30605.5328877162,4.10729186281638,0.491048977236081,2.54774434487198,"409"
75,-30602.6361810554,4.1005776305062,0.490101305538692,2.521083481108,"409"
76,-30602.9881827692,4.11938736085438,0.491038404061504,2.50144023376959,"409"
77,-30604.0509957697,4.10902952854303,0.490785479935706,2.52394260364769,"409"
78,-30603.2945642414,4.10453773911328,0.490764216382075,2.50929885533035,"409"
79,-30602.7727100295,4.12109635409179,0.491279035456912,2.48429067023956,"409"
80,-30603.4956720445,4.12425881162819,0.491536682891141,2.49470352540818,"409"
81,-30603.2415903621,4.11533311607941,0.491868967601002,2.51578527067089,"409"
82,-30600.9689087403,4.10625262925784,0.491577178646383,2.53413151519606,"409"
83,-30607.2597279164,4.10869436672837,0.491880123341935,2.57263528490507,"409"
84,-30603.5706408149,4.0959859159774,0.492338239737465,2.55820284485646,"409"
85,-30603.1100062543,4.11118488908746,0.492680089328834,2.56765331763079,"409"
86,-30599.1368072006,4.13464202534949,0.493320307292282,2.58574875671825,"409"
87,-30602.9182804698,4.14278998267673,0.493084064853196,2.56610253821265,"409"
88,-30600.6492451221,4.13906825697528,0.493492947189392,2.56856289845827,"409"
89,-30594.5584404831,4.13098534006066,0.493493381443443,2.55522623205775,"409"
90,-30594.7384037842,4.15533003193591,0.492517328464817,2.55381645554772,"409"
91,-30595.8053204254,4.15125376038197,0.492745334440481,2.54708813476051,"409"
92,-30599.7115506851,4.16031959008419,0.492335329496607,2.53229489036941,"409"
93,-30598.6831566188,4.15474940516343,0.492115983931491,2.5123558157685,"409"
94,-30601.4938736236,4.13187835083978,0.493067910136578,2.49804886626398,"409"
95,-30597.630115679,4.12093195611912,0.493059298104336,2.50544870669293,"409"
96,-30595.9033323732,4.12096156646378,0.49478899007275,2.47137102186344,"409"
97,-30594.7914276852,4.1256567890817,0.493856069343832,2.47664611368835,"409"
98,-30597.8988870504,4.13660510029775,0.49253864220833,2.46295025642341,"409"
99,-30593.9811907087,4.14019469583915,0.492351700345747,2.46440658153179,"409"
100,-30596.7438594866,4.15036135871761,0.492463629835576,2.48414392068734,"409"
101,-30599.3487747559,4.14959933111664,0.492671200193985,2.49064166751453,"409"
102,-30597.73187897,4.16486255890119,0.492130018010514,2.46920122614769,"409"
103,-30595.896986702,4.15499673195067,0.490888516016976,2.48805436097516,"409"
104,-30594.1576181178,4.16773015585603,0.490727181887876,2.52112143117099,"409"
105,-30591.9302722957,4.1698058130946,0.491483628195911,2.53144783683389,"409"
106,-30594.7039742653,4.17512095540218,0.491098993344952,2.54292805932554,"409"
107,-30596.6415458926,4.17253866646533,0.492040434921347,2.55101265229127,"409"
108,-30599.5580488081,4.17893772480435,0.492344418887123,2.55260696539108,"409"
109,-30600.6428633284,4.19332455241401,0.491602693019282,2.58353496180094,"409"
110,-30596.2401322081,4.19444390203866,0.490676372962659,2.58985975872497,"409"
111,-30601.9143243639,4.19798149730231,0.491395955411348,2.60983303821457,"409"
112,-30600.4164092677,4.20866655530176,0.492293036244295,2.57036891268604,"409"
113,-30597.357998618,4.19121056818423,0.492244501464997,2.57236441200705,"409"
114,-30592.6156060066,4.18702776066322,0.492034568205453,2.5603977393019,"409"
115,-30599.4040315348,4.17237049495788,0.492337684905697,2.56312350325158,"409"
116,-30599.0973676081,4.1782665775389,0.49155517650388,2.55149988141204,"409"
117,-30601.2380064134,4.18319900575966,0.491953283796731,2.54651425845129,"409"
1,-31196.1708164782,5.07285865305016,0.51728137699562,-2.53372448390953,"503"
2,-30977.2115196618,4.55800950641287,0.51175962905796,-2.58309164217445,"503"
3,-30851.9074673142,4.33775150392278,0.508752480634116,-2.61033442003428,"503"
4,-30787.4804601437,4.27303071121693,0.507807774542828,-2.59797483391593,"503"
5,-30745.7930718431,4.26995117974666,0.507513958874128,-2.61717478231338,"503"
6,-30727.1470966184,4.27589402117233,0.507423008715558,-2.60026838569888,"503"
7,-30710.7111214949,4.28156069409833,0.508128944301755,-2.59735813195021,"503"
8,-30692.4008651191,4.29829217138971,0.508091224019618,-2.554202192089,"503"
9,-30681.9457451216,4.30516063273116,0.508872796629909,-2.52589729833835,"503"
10,-30669.5513785907,4.30106964141351,0.507999811813814,-2.5211606210458,"503"
11,-30659.2446963649,4.2974663290667,0.508729688354453,-2.52697248805213,"503"
12,-30650.1832879603,4.29106771975212,0.508314903059594,-2.51446475205748,"503"
13,-30648.707581554,4.28414319035025,0.508190891457491,-2.48760914755723,"503"
14,-30643.1475531933,4.27632855816635,0.507503967464063,-2.47089777120927,"503"
15,-30637.5673582379,4.25599660284005,0.507759855686763,-2.47742741802766,"503"
16,-30635.5473008176,4.25049652522887,0.508350387656704,-2.48005656678964,"503"
17,-30633.4851997977,4.25162891673832,0.509018436171336,-2.49117792512779,"503"
18,-30626.1997822809,4.25348573783843,0.509612505036209,-2.49931062758056,"503"
19,-30626.4781102703,4.24433453731635,0.508713327043624,-2.54554283474845,"503"
20,-30622.4622001499,4.22368658956305,0.508713644586384,-2.54600515677042,"503"
21,-30626.0240871115,4.21740297758174,0.508832206917477,-2.55522184764205,"503"
22,-30623.7187164703,4.21102000629823,0.508759218337348,-2.54755748646354,"503"
23,-30617.3304304821,4.19850608343325,0.509363091919674,-2.54794810949662,"503"
24,-30616.8824170081,4.18965136564622,0.509068626809991,-2.54224550140224,"503"
25,-30613.9397991374,4.19059118454313,0.508605545310446,-2.52014818708692,"503"
26,-30612.2452195009,4.18795786573602,0.5081733261403,-2.53269292863839,"503"
27,-30610.2283683601,4.19851327666785,0.507926524320574,-2.53237594207399,"503"
28,-30615.7943299757,4.20609576666516,0.508606264632728,-2.53602046528756,"503"
29,-30616.1206398393,4.19826612786626,0.508568164148432,-2.55816107015225,"503"
30,-30614.4455702871,4.18345889701665,0.508526788003174,-2.51962220283884,"503"
31,-30611.6682825133,4.1957516637186,0.509308736815699,-2.50978281564491,"503"
32,-30609.2801763494,4.19837293000801,0.509420881621393,-2.49095349032055,"503"
33,-30605.2833087911,4.1884337730651,0.508627914570884,-2.48452167746056,"503"
34,-30602.9363931126,4.17786152304826,0.509019588592671,-2.49055832138189,"503"
35,-30607.6106114247,4.15173181218277,0.509931797052981,-2.50694541717542,"503"
36,-30607.7447203855,4.1434472416991,0.510248218536753,-2.51315071669092,"503"
37,-30604.4037168733,4.14979686352466,0.50884022195539,-2.52437524373728,"503"
38,-30599.6643124801,4.14982322498181,0.508249749282544,-2.53278388079118,"503"
39,-30607.0727669759,4.16874523911966,0.509153461505256,-2.52987135825812,"503"
40,-30598.419036985,4.18068996686383,0.50895019592739,-2.52546033199741,"503"
41,-30604.9221342272,4.18339358006943,0.507865253684154,-2.55384762526335,"503"
42,-30605.3098979504,4.17918753050121,0.508259866928537,-2.53348194414359,"503"
43,-30601.4726572917,4.18230898194248,0.50910954881561,-2.54266625823796,"503"
44,-30600.8069129717,4.1641569553523,0.509121242896221,-2.54355070726574,"503"
45,-30600.0529741723,4.15389098088661,0.507895883232504,-2.52404833073531,"503"
46,-30598.9372798096,4.15840368993538,0.508267365474627,-2.54678745589287,"503"
47,-30603.2013646751,4.16049869772324,0.508383950269796,-2.57096031493058,"503"
48,-30600.173738686,4.16536153050967,0.508190698356949,-2.55799815207044,"503"
49,-30597.9562435294,4.1474984465615,0.50870482646512,-2.56547607110983,"503"
50,-30600.4754431796,4.15357432758656,0.509255077583929,-2.6169556027409,"503"
51,-30603.2422317301,4.16954638271342,0.508689214455352,-2.59820948046501,"503"
52,-30599.9902583161,4.16767548180146,0.508835401245562,-2.61688135454545,"503"
53,-30596.1177732925,4.15862856252145,0.50967844982818,-2.61802620490386,"503"
54,-30597.1521819953,4.16472518275349,0.508782814249332,-2.64104999191638,"503"
55,-30599.7080505529,4.14531695065602,0.508361260547274,-2.62718846726347,"503"
56,-30598.1839180908,4.1469288468792,0.508445343667717,-2.62206299247304,"503"
57,-30598.423294245,4.14764263785176,0.508981336889274,-2.63293474317686,"503"
58,-30598.3040908209,4.16032477216734,0.508672958657865,-2.60690610126062,"503"
59,-30599.9809103518,4.15689798149335,0.509250788984539,-2.57098142993847,"503"
60,-30601.5633180687,4.14845302380034,0.510660789591226,-2.59318599379219,"503"
61,-30600.4125588465,4.14362667978731,0.510030706110269,-2.58799625305945,"503"
62,-30602.331212747,4.13254760064968,0.509666992975198,-2.59039681706872,"503"
63,-30597.5555579086,4.12272552606566,0.5088814626772,-2.56471764802563,"503"
64,-30603.3872032184,4.13235769340002,0.509536026593791,-2.56330285474514,"503"
65,-30597.9892858582,4.12662278653061,0.509915439331925,-2.60400163371289,"503"
66,-30600.6867731236,4.11479688160204,0.51007449809334,-2.60891220126752,"503"
67,-30595.7060974923,4.12647960675973,0.510067564079907,-2.60938368639814,"503"
68,-30595.3483371577,4.14741676349175,0.509160185452537,-2.60806975884791,"503"
69,-30595.3877130929,4.14840810200577,0.508263758430995,-2.59990529157951,"503"
70,-30594.2426682957,4.15176732394616,0.50841650106836,-2.61058223640125,"503"
71,-30598.5496657032,4.16490016523742,0.508493695732588,-2.57131649780198,"503"
72,-30596.8966920915,4.17344713116528,0.508466863009022,-2.54822114700441,"503"
73,-30599.1679946042,4.16128294469724,0.508119572020851,-2.54523728067623,"503"
74,-30596.1572806752,4.15736805712542,0.507154543337,-2.56006758652054,"503"
75,-30599.0816020679,4.15259695822406,0.507613390605215,-2.52848289335262,"503"
76,-30595.8617761046,4.16999605813674,0.507942968414633,-2.56941069746559,"503"
77,-30598.4688880642,4.18257445633554,0.507964085529472,-2.57734507393145,"503"
78,-30593.7240322012,4.18171086784366,0.507379502455478,-2.57495809049909,"503"
79,-30593.8340358637,4.16549589081118,0.50821138102517,-2.59380746648509,"503"
80,-30589.9824863347,4.17087332386029,0.50780357843001,-2.62239164346559,"503"
81,-30595.1738883372,4.16802904581437,0.508077632718497,-2.62809893720599,"503"
82,-30595.0780415038,4.15633287344491,0.508720625941118,-2.62236715917148,"503"
83,-30594.9647108909,4.14560896957266,0.508678448800927,-2.61130863768556,"503"
84,-30592.0550713209,4.14896627166581,0.508502091195173,-2.60817843006051,"503"
85,-30595.3459020228,4.16011351908929,0.509178939469668,-2.64312339952448,"503"
86,-30591.6600695182,4.16466099658121,0.509193822287649,-2.62118281580232,"503"
87,-30592.9767077978,4.16842856798733,0.509554591397055,-2.60044873532252,"503"
88,-30597.0018165837,4.16691245807263,0.510030155514887,-2.59509835798988,"503"
89,-30597.586228554,4.15794899075999,0.509782303326597,-2.59574767739869,"503"
90,-30593.513543806,4.15934546745467,0.509497308591062,-2.59044383839285,"503"
91,-30595.0443625367,4.16562352883931,0.509244124798071,-2.575662024831,"503"
92,-30595.3381465137,4.16059931884733,0.508851371818487,-2.56388990861625,"503"
93,-30594.4374351825,4.14807480297225,0.50923344224018,-2.54349105594246,"503"
94,-30594.4440713396,4.15443637120983,0.508846668341286,-2.55573600038077,"503"
95,-30594.49534423,4.17001779519797,0.508312428596061,-2.54954539112114,"503"
96,-30594.5680369531,4.17341909762983,0.508000222842041,-2.52735392366934,"503"
97,-30595.6189103558,4.17317733129105,0.508254373251977,-2.52933121934809,"503"
98,-30599.0882653976,4.16475755435807,0.507999921984004,-2.51027017945522,"503"
99,-30598.5307154861,4.15663206173377,0.508721995533725,-2.51741848713475,"503"
100,-30599.2749188923,4.13198775854878,0.508067259190245,-2.49358491134413,"503"
1,-31169.6963203969,5.07285865305016,0.51728137699562,-2.56074347599622,"607"
2,-30960.7831336284,4.56312151998493,0.511859778369274,-2.58366188245674,"607"
3,-30852.1892717713,4.3438849744837,0.507647254152711,-2.57496079818461,"607"
4,-30788.6117058489,4.28919096217922,0.508739626464563,-2.59104975170223,"607"
5,-30752.7385059693,4.2862473000736,0.509416457075349,-2.61128191435993,"607"
6,-30716.6986625292,4.29022863965099,0.507694605499995,-2.61639552241116,"607"
7,-30698.6296745189,4.30082583777258,0.508134819272989,-2.60087140341929,"607"
8,-30687.1432406277,4.30046278345823,0.508984477087172,-2.60537268290313,"607"
9,-30680.0644192662,4.29359209411813,0.508791724275496,-2.6111550266576,"607"
10,-30664.2875958097,4.29274633084688,0.508453652007923,-2.60224829479573,"607"
11,-30662.8985143897,4.2888603093315,0.508179444204833,-2.61224542520292,"607"
12,-30657.2871378583,4.27688618791639,0.507728784919136,-2.60441841603631,"607"
13,-30650.5122692432,4.26728639321519,0.508412767079494,-2.66359629297396,"607"
14,-30642.4624200493,4.24833775921108,0.508825169933952,-2.63561525333625,"607"
15,-30640.538149877,4.23118216777837,0.508482253259801,-2.62249394781248,"607"
16,-30634.9510799813,4.20714604769889,0.508381887738815,-2.61150442161568,"607"
17,-30630.3634982681,4.17662446895994,0.509297766350734,-2.61795391334223,"607"
18,-30630.7566647288,4.18757276583347,0.509291024431649,-2.5943911373456,"607"
19,-30624.4525679688,4.17750148486657,0.509225604348766,-2.55402764487954,"607"
20,-30620.5419178768,4.17279445759598,0.509237827493738,-2.53529335140761,"607"
21,-30627.2714545054,4.17170240057262,0.509823337466796,-2.53693407831806,"607"
22,-30618.2196045867,4.17700233080085,0.509910458566668,-2.52639922609231,"607"
23,-30616.5347040627,4.17801335881743,0.50968221553157,-2.52514087050025,"607"
24,-30614.6302847955,4.16449919968896,0.509449735115057,-2.53458135189068,"607"
25,-30615.2524830894,4.17606224788981,0.509489520659698,-2.54550683416969,"607"
26,-30613.1647120764,4.17322698546259,0.508766931640552,-2.53935130748605,"607"
27,-30613.954119215,4.16678252233802,0.509122807700614,-2.51249872664568,"607"
28,-30616.6227256146,4.14183464526194,0.509098814709231,-2.51258145401134,"607"
29,-30614.8904440542,4.13537680435996,0.508948920441807,-2.51770069643688,"607"
30,-30608.270706508,4.13654502689281,0.508083695517815,-2.5294937952305,"607"
31,-30608.1055695971,4.14128843575557,0.508290609473976,-2.51775572954696,"607"
32,-30613.0273967969,4.12919984854022,0.508317411221885,-2.56054308610682,"607"
33,-30610.1245030221,4.12740078143569,0.508495720654499,-2.52558313020032,"607"
34,-30608.859056882,4.11808647219299,0.508697334055592,-2.56320835869452,"607"
35,-30606.2958624261,4.12359028448841,0.508843314041849,-2.54995170256994,"607"
36,-30606.6814845587,4.14026536018021,0.51023485337092,-2.53394787581681,"607"
37,-30603.5594946542,4.14492443076582,0.509514963641901,-2.52934802795971,"607"
38,-30602.9875887507,4.13786588607625,0.510152823774743,-2.55024623026217,"607"
39,-30602.4861083076,4.12776797320684,0.509273599049393,-2.52377902673875,"607"
40,-30607.6513086161,4.14396568602141,0.509566183843034,-2.57109417755321,"607"
41,-30603.5099374508,4.13026793954773,0.510078074774591,-2.5529205102963,"607"
42,-30607.671018712,4.1140836725285,0.510025526450271,-2.58153480426356,"607"
43,-30603.5245718741,4.10172406835628,0.510175095384522,-2.57087438613868,"607"
44,-30605.0475313449,4.10860760814073,0.510101836643298,-2.56858188866224,"607"
45,-30607.922720478,4.12462587457006,0.510896897825786,-2.55954386865749,"607"
46,-30605.5480181313,4.11889283034292,0.511241211134573,-2.5713462458299,"607"
47,-30607.0845463888,4.13534471192918,0.510253252050755,-2.59275086273639,"607"
48,-30606.1968313763,4.14004050853115,0.510535346071758,-2.56912824192272,"607"
49,-30604.9099128907,4.14983673138191,0.510066292880105,-2.56029098040566,"607"
50,-30607.9412859354,4.16544671473889,0.510046882511288,-2.54692652414328,"607"
51,-30603.8239064054,4.17298274206984,0.509707568189219,-2.55016109597165,"607"
52,-30600.9902391413,4.18188198299984,0.508741406658976,-2.57024513892576,"607"
53,-30599.5979947163,4.1793031611486,0.508166994969926,-2.59027324820465,"607"
54,-30601.9177913753,4.16628202114753,0.509386371255148,-2.57026180301796,"607"
55,-30603.2515968537,4.16356943070384,0.509053905722631,-2.55656550064243,"607"
56,-30601.3775433404,4.17011038140917,0.509923465448643,-2.57328157543718,"607"
57,-30600.1834091213,4.17675461823556,0.508702505144318,-2.59281078578395,"607"
58,-30599.6273369082,4.16269850888007,0.509613293578921,-2.60727009601732,"607"
59,-30599.4252302514,4.16272815347301,0.508902764807368,-2.59811761256911,"607"
60,-30600.1536097443,4.16199406113572,0.508837614376336,-2.59724198157655,"607"
61,-30601.6684695614,4.1429284232367,0.509462614149114,-2.59140244839106,"607"
62,-30601.9796561183,4.14098879656858,0.510337917283756,-2.61739585317062,"607"
63,-30606.8032768291,4.13178232708168,0.510421607803976,-2.59168046748286,"607"
64,-30601.6352378237,4.1270091281665,0.510664366929173,-2.58947201741017,"607"
65,-30607.8097450713,4.13424917761254,0.510414420274479,-2.59552814243067,"607"
66,-30605.6489815016,4.09485615679411,0.509620923243974,-2.59684266155028,"607"
67,-30604.6704064306,4.07788278362399,0.509876259015484,-2.60812453031795,"607"
68,-30604.5134084013,4.09270933805456,0.509142438035705,-2.58225027118404,"607"
69,-30601.9773900691,4.09692650972822,0.509560998492853,-2.58931797548289,"607"
70,-30597.3215256242,4.1187071836918,0.510416775583601,-2.61055732017269,"607"
71,-30595.7565256101,4.12094365477186,0.51000657145361,-2.61865958489823,"607"
72,-30601.1856606677,4.14154404857858,0.510201865112232,-2.6227036561235,"607"
73,-30604.2512355693,4.1234146138464,0.509917906202953,-2.60866602058523,"607"
74,-30601.3202370343,4.1297155589875,0.509481781439715,-2.62660158820906,"607"
75,-30599.0373563109,4.12506969214241,0.508891040057447,-2.60965670696113,"607"
76,-30599.088685849,4.13252552682467,0.509131290145846,-2.63918225391732,"607"
77,-30603.3321964122,4.1294260477543,0.509226163823467,-2.61584555282095,"607"
78,-30598.5074716841,4.13548007312449,0.509102692127327,-2.61350903383062,"607"
79,-30597.8611868852,4.14294159488517,0.508771518241287,-2.58880795668937,"607"
80,-30600.1986611515,4.15067555811554,0.50771033025472,-2.58378408416766,"607"
81,-30599.8565485551,4.14922075399807,0.508650832611115,-2.57972927606785,"607"
82,-30597.4430451157,4.13807557938548,0.50865092037869,-2.59077587106746,"607"
83,-30601.6213967923,4.14524777494047,0.508698510992412,-2.58843230849493,"607"
84,-30599.3394553622,4.14544037177322,0.50883576249738,-2.59361589286076,"607"
85,-30600.2896687997,4.12226230252528,0.509600262617898,-2.58438153544252,"607"
86,-30603.6274277724,4.10676765013604,0.509170862592894,-2.58355527700723,"607"
87,-30601.3381408866,4.09782550142983,0.509671981663331,-2.572936020002,"607"
88,-30600.3121733913,4.09584157846405,0.510141702291363,-2.5737453550415,"607"
89,-30597.987531635,4.11358035845896,0.510674975988327,-2.57002486149285,"607"
90,-30601.2157015955,4.11872748145925,0.509423468925874,-2.53238423119397,"607"
91,-30600.474954023,4.12333549383726,0.508813099845968,-2.59122628374938,"607"
92,-30601.0825085319,4.14336596559633,0.509161953426124,-2.61769325035969,"607"
93,-30600.9074923037,4.15380927980677,0.509649875211582,-2.62405342852016,"607"
94,-30603.2308829075,4.16304420741969,0.51004863020049,-2.63465593941885,"607"
95,-30601.4767445139,4.17335607723812,0.509226535176365,-2.6581572007913,"607"
96,-30601.4264842154,4.16475995441097,0.509395637251419,-2.64290497180425,"607"
97,-30604.5496651303,4.18785922950087,0.509637752657079,-2.65560138057301,"607"
98,-30604.1274852069,4.19199731405037,0.509924203089412,-2.65228111826211,"607"
99,-30602.542420883,4.18464516752949,0.510021393857905,-2.65151511916754,"607"
100,-30605.2537781031,4.18583842666313,0.50954726086924,-2.67942631998528,"607"
