"Observation","Z2_1","Z2_2","PC1","PC2","Layer1","Layer2","Pathway"
1,-2.27186515784319,1.74456058094947,-3.88342569745762,2.1100997344426,"2","2","4"
2,-0.393201544846531,-1.10502188158567,1.0138483778127,-0.789347833718757,"2","1","2"
3,-0.493152156378733,-1.08334745933067,0.441105723042025,-0.418294660912039,"2","2","4"
4,-1.43134090930858,-0.329411577193872,0.640227602113419,2.25570034754326,"1","1","1"
5,0.473831929302054,-0.680487959486581,0.362324686060271,-1.15092207055337,"1","1","1"
6,0.234961166536174,-0.0821378049709285,0.376838253030318,-2.34560497841304,"2","1","2"
7,2.79744733134728,-0.0689941594703092,1.29547675635507,-5.60453989818156,"2","1","2"
8,-0.0324705677572759,0.342455589054917,-0.263781411169902,0.584486062467128,"1","2","3"
9,-0.974247478806504,0.417802905150336,-1.3416867648178,2.00848044808571,"1","2","3"
10,-1.08760383394129,-0.578891417661756,-0.628682098480985,1.83201587093418,"1","2","3"
11,-0.309989701629432,0.220763230802994,0.274546757672701,0.552273240536667,"2","2","4"
12,-2.37106160694965,3.85756845550999,-8.33300328434161,-0.405056489525299,"2","1","2"
13,0.629943581329673,-0.328180503701837,0.531612650433155,-1.46831144754158,"2","2","4"
14,-0.303336124035704,0.924316941105658,-2.30415784917695,1.37012068561218,"1","2","3"
15,0.0321080822693327,-0.433441070374845,1.30310050833618,0.398286815932072,"1","1","1"
16,0.29927673399203,0.812242924086277,-0.787061831979753,-1.79843713377338,"1","1","1"
17,0.200975614065775,0.175472924984745,-0.380645134878242,-0.834088126193621,"2","1","2"
18,1.1860190541147,0.976397357174291,3.10129430037757,-1.79276344398865,"1","1","1"
19,2.00005147454379,-7.16973146686431,7.56204874500893,3.70814002758287,"1","2","3"
20,-0.127688694769014,-2.22095020840745,1.89906634333608,2.10201426980002,"1","2","3"
21,-3.01673771151316,1.96764059387717,-4.953054947118,2.7553862391012,"1","1","1"
22,-0.206909144229709,-1.49572414285113,2.70805523291268,1.65004859601638,"2","2","4"
23,-0.546652473671814,0.903239124222432,-0.684684994575803,1.70331830458772,"1","2","3"
24,-0.469588444802183,0.904134534017592,-1.54646324651208,1.22945503256436,"1","2","3"
25,-0.678430623714915,0.580636607108232,-1.55668927927792,1.60564075172631,"1","1","1"
26,0.00347698089390745,0.130188952321537,0.429982540115428,-2.44220232838025,"2","1","2"
27,1.53676883601096,1.57540386956073,-1.25581817259867,-1.64672933757504,"1","2","3"
28,-1.78655029048384,-0.993512379041372,1.34839942249851,1.98420825949589,"2","2","4"
29,-0.209665763628005,1.67786984231114,-2.24025977770695,0.0439146134712171,"1","2","3"
30,-1.90273278679993,-0.2265919509979,0.866016165266859,1.38339036497168,"2","1","2"
31,-0.0320644736852786,0.997796017269317,-0.893338072020954,-2.29460890053212,"2","1","2"
32,-0.512335036401113,0.752411757366255,-0.732731364647584,2.08660220989361,"1","2","3"
33,0.139004297441417,1.5932298911265,-4.09562802321555,-0.7388259387692,"1","2","3"
34,0.0133471268843308,0.7990792856409,-0.457760367249181,1.65185050518095,"1","1","1"
35,0.678051782831643,1.21486566415348,-1.36926121888572,-0.52481197936579,"1","2","3"
36,-0.266545971941753,-0.709791904118534,0.000184450172900794,0.776274377431195,"2","2","4"
37,0.0866753469636525,-1.09927041570416,2.39796973389584,-0.566515683630156,"2","1","2"
38,-0.231709071298844,0.95393009556878,-1.42706445290644,0.200574074908356,"2","2","4"
39,1.40116681015939,-0.00363638003041225,0.411644690643962,-3.80947770695179,"2","1","2"
40,2.12947475450578,-0.547415927258106,1.46608636631677,-1.99724431769535,"1","1","1"
41,2.38624084374306,1.78006718055908,-1.76402340202286,-2.5055235246681,"2","2","4"
42,-0.793772409298875,-0.150236510869609,0.334611407376074,-0.555394253694074,"2","1","2"
43,-1.04195123828933,-0.455681394061366,0.469941254792083,1.33281298618494,"1","1","1"
44,0.233172476877934,0.359323823768652,0.546863014444282,-0.90593063582655,"2","1","2"
45,0.196668613905068,-1.69676996986244,3.73997659063242,0.745937860719441,"1","1","1"
46,0.100407297918191,0.210116521123317,-0.553789101747961,0.678706725566489,"1","2","3"
47,-0.828074463653103,0.748351696627266,-1.79057358709034,1.2246540512826,"1","2","3"
48,0.146110689384776,-0.317831634695399,0.884184201634463,-0.00356267821851705,"2","2","4"
49,-1.30952085824697,0.696636352270724,-0.460890543061999,0.195626296552468,"2","2","4"
50,3.17069788709571,-1.32640785462233,-4.47370779618149,-1.59092335034769,"1","2","3"
51,-0.646077725712738,0.237807991586306,-0.707657079962384,1.35371558239878,"1","1","1"
52,-0.851371390545662,1.49882030385839,-2.23532432188675,-1.66419414113021,"2","1","2"
53,2.11737975244357,-4.37474271278733,4.28901429803785,0.937915346464983,"2","2","4"
54,-0.98738783484631,0.483496673429735,-1.29276994337584,0.20258830871519,"2","2","4"
55,-0.119301901790304,0.103567831147739,1.1774924298172,-0.914679943700328,"2","1","2"
56,-0.111301404045151,-1.72601215349896,2.82651711692267,1.71637645008239,"2","2","4"
57,0.0476670791927719,1.07150583130038,-1.94663338614697,0.173676697191542,"1","1","1"
58,0.976043849788645,1.67451618524456,-2.11996477865598,-2.38727448872237,"1","1","1"
59,-1.47556368388895,-0.0883582714901636,-0.153110767143929,2.4873530016349,"2","2","4"
60,-4.95944957669122,1.08468582115676,-4.11285773509896,4.45738981024202,"2","2","4"
61,0.473277802905968,1.45737775083132,-1.59104826777667,-1.7918798601514,"2","2","4"
62,-0.880841813242125,0.629241476626634,-0.471682199657851,0.258021366744518,"2","1","2"
63,0.8038313603398,-0.195786543543203,1.9294162057423,-1.169062949943,"2","2","4"
64,-0.0702149500557642,0.469647207598868,-0.230718058303996,-1.23651880033259,"2","2","4"
65,-1.90452213084097,0.915563984526653,-3.13017146777812,4.66399953517494,"1","2","3"
66,-0.0516923699119836,-1.65183033994192,2.65524261213681,0.0477306857571571,"1","1","1"
67,0.676643791981763,-0.858744363911592,0.775275569624805,-0.00715634263515422,"1","1","1"
68,0.151753237061305,1.5999990619603,-1.30976749880964,-0.79954385795787,"1","2","3"
69,-0.793339732203896,-0.36433722672673,0.948898261831507,1.46862149004042,"1","1","1"
70,2.88640101902092,-2.93365273137184,5.71914187828589,-3.04084288505729,"1","1","1"
71,1.38696747135612,1.78120906342472,-1.6767132337816,-1.63459800154999,"1","2","3"
72,0.81754431691511,-0.83535570596632,0.762489688153323,-0.0963688923072465,"2","2","4"
73,-1.45046278589956,0.645663752430004,-1.06523183590044,0.89864762260475,"2","2","4"
74,-0.558123837187881,-0.189595438513982,0.693982245735087,2.95245471073369,"1","2","3"
75,-0.129225410073859,0.601307542559541,0.0438054180429393,-2.81242448420247,"2","1","2"
76,0.670468611210548,-0.674672305845905,-1.04756646268648,0.621504453364165,"1","2","3"
77,-0.280514505415286,-0.953893197751253,1.54672555060555,0.442079914622963,"2","1","2"
78,0.0528984730813062,1.09039553477509,-1.24804641905312,-0.23091550910724,"1","1","1"
79,0.743431924262082,1.14555894912886,-1.08375866753563,-1.04592015314403,"1","1","1"
80,0.200738940198134,-0.358922797835356,0.542493408278313,1.12621519412657,"1","2","3"
81,-0.23106249728226,0.741528043951218,1.10749027269551,-1.54665326337838,"2","1","2"
82,-1.34708144987684,-0.523888795827716,1.18317925842154,0.0234793194063441,"2","1","2"
83,0.766050582269841,-1.37081816086855,1.37320928490387,1.39381214994777,"1","2","3"
84,1.10666313355374,0.377231867749134,-2.4934049474513,-1.20816246003281,"1","1","1"
85,0.186625416876631,-0.941733022040568,1.47020700582448,0.0187443203492844,"2","2","4"
86,1.81691484239788,-4.9602525552283,10.4958301804338,-0.626731266764466,"2","1","2"
87,-0.566532634950377,-0.192595426657534,-0.333909604292539,1.44122970709225,"2","2","4"
88,-1.12339194753707,-0.144591387907857,-1.88638964618021,1.54867866479508,"2","2","4"
89,-0.607831306127293,-1.48995012176318,-0.973436753835166,2.87668286856335,"1","2","3"
90,0.409474217371599,-0.149095501455153,0.637295543929429,1.63137152442377,"1","2","3"
91,0.37155887268479,0.266735744167857,-0.754133542519477,0.758489896493415,"1","2","3"
92,-2.12023130485306,0.00706315664414391,0.0297051751120823,3.06240580451926,"1","1","1"
93,-0.682323742593698,0.359672735903905,-0.490242092742714,-0.72095241236556,"1","1","1"
94,0.675203686861078,-1.508654477445,3.67805404850258,-0.383247902192295,"2","2","4"
95,-0.339211411607654,0.465709748177105,-1.09739497295657,1.02632833282208,"1","1","1"
96,0.273851165701682,0.0577973602421753,0.935604370544495,-2.41858460074679,"2","1","2"
97,0.190263769503246,0.656745392838321,-1.17097149178771,-1.87317039600508,"2","2","4"
98,-0.000361449044018096,0.125757370508918,-0.450360108983601,-1.90455230571613,"2","1","2"
99,0.142925986095234,-0.37955542019572,0.0883218712637653,-0.383688833541248,"2","2","4"
100,0.727428804698508,0.194915420693236,0.417450411987922,-3.00341292430186,"2","1","2"
101,1.03307236905935,-1.23494401135569,3.28557651894691,0.235346297858329,"1","1","1"
102,-2.75817722204842,-1.50902473159325,-0.0297249449064843,4.44089094734998,"2","2","4"
103,1.26170121967477,-0.439001195572541,0.289740332372537,-0.720391740385457,"2","2","4"
104,-0.602501863015749,-0.87919626378847,1.77108069440546,-0.600514814057248,"2","1","2"
105,0.356478077449435,-1.27135177648286,2.78366405358606,-2.27964646174433,"2","1","2"
106,1.05531524484183,0.201915088242584,0.207674021310809,-2.25342503083967,"2","1","2"
107,-1.59919629788189,1.34626914536261,-1.92362749941757,-1.03010382093756,"2","2","4"
108,-0.31138392504484,2.58745965216042,-3.80503185585331,-3.94255213355718,"2","1","2"
109,0.111245226349618,-0.205509832509662,-0.495493356451806,2.02258468527665,"1","2","3"
110,-0.379844213348643,0.114875067966634,0.985363937380745,-0.938189379309256,"2","1","2"
111,-0.385103580701339,-1.02632974516122,-0.0295271270439186,1.71763002552391,"1","1","1"
112,-0.378467210603387,1.16366741015963,-2.05455539339632,-1.20519490192081,"2","1","2"
113,0.379830800111554,-0.641084511293132,1.88189266607261,0.375707388370464,"1","2","3"
114,0.677027892697442,-1.85423194882377,2.54399353932963,-0.615384785550652,"1","1","1"
115,0.713518913240351,0.396700529362028,-0.101816976404111,0.726803078281555,"1","1","1"
116,1.31294833538546,-0.969933961127801,1.30345474852201,-2.26378385754398,"2","2","4"
117,0.559097050770526,1.18524482969648,-2.3622525498516,-0.244089259003462,"1","1","1"
118,0.602268394684412,-0.272467895407573,0.140582755358488,1.30423777126605,"1","2","3"
119,-2.8534583869333,0.952292704492383,-0.855689116129447,2.33425048658424,"2","2","4"
120,-0.591769980611794,-0.814165065671262,0.131790117964858,2.21696689340151,"1","2","3"
121,-0.170344717462447,-0.181915872079465,0.542615989241099,0.0693318967107588,"1","1","1"
122,0.232363915904325,0.889221493446267,-0.182528313619102,-2.16196626484198,"2","1","2"
123,-1.45376469305162,1.69856053639856,-2.8581627281468,-0.412454259758119,"2","2","4"
124,-1.05839898575592,-0.206631874799693,-1.16967513768291,0.521187056718592,"1","1","1"
125,1.35064575265926,-0.679767784250067,0.870857760798326,-1.35662074227112,"2","2","4"
126,-0.410903153346066,0.751569762535797,-1.0234222426025,0.494381131140205,"1","1","1"
127,-2.15733323565424,0.0027653351344265,0.0830808074435095,1.93977061285878,"2","2","4"
128,0.179980419004566,-1.90165072166559,3.10222412511137,1.92837609481856,"1","2","3"
129,1.77994390063353,-0.725179875537112,1.11166349520727,-2.69824620145177,"2","1","2"
130,0.545485970331132,-0.709634800298746,1.20381165132511,-1.56991579213814,"2","1","2"
131,0.995260156845311,-2.18974088624306,3.05444831182023,1.35205223270665,"2","2","4"
132,-0.102334756011428,0.536274074751379,-2.31723005565904,-0.476507356441263,"1","1","1"
133,1.72417178469783,-2.38472219913806,3.56909734723791,-1.65511810075462,"1","1","1"
134,-0.269936384761832,0.29934118597946,-0.882352996926355,1.14926965269752,"1","1","1"
135,0.746391784088518,0.517797613005756,1.35156092458576,-0.594286231552165,"2","2","4"
136,1.21542117946497,-1.20877967292164,3.78834830241509,-2.95804744554062,"2","1","2"
137,-0.163490318364365,-1.50654079748259,3.39066683826719,0.89430274289092,"1","1","1"
138,-0.809002298181868,0.942739402072556,0.893583097267864,-0.686133024597908,"2","1","2"
139,0.94581736467369,-1.39325406435407,3.8729423759473,0.292812790721217,"1","2","3"
140,-2.75552756793939,-0.824817357092787,-2.03014942975244,6.4740385130126,"1","2","3"
141,2.23933653967437,0.641280837070086,-0.588226823930777,-1.78215775535612,"1","2","3"
142,-1.54664120487525,-1.72924756440833,-0.0800154216113416,5.18320590091825,"2","2","4"
143,-1.15354324457797,0.369825606922224,-0.956979582466015,2.32198709151556,"2","2","4"
144,-1.07721951349552,-0.0213533994877803,-0.0708863606017458,1.30535672255612,"2","2","4"
145,-0.190477943253461,0.170315455423643,-1.13799310344126,0.297885613463052,"1","1","1"
146,1.54031965894834,0.591645486325783,-0.217942945303298,-1.88280691314602,"2","2","4"
147,1.64851955800707,0.560611296193808,-0.0230634541133729,-1.45755261051764,"1","1","1"
148,0.663169476368197,0.580022791935371,-0.735209137867717,0.168137468752919,"1","2","3"
149,0.141377257193725,0.690463558155581,-0.758439850500867,-0.0600066396264448,"1","2","3"
150,1.1340633833641,-1.91093307200819,2.68081759386707,0.0647640353159617,"1","1","1"
151,-1.36033379623567,-0.503577971868517,-2.06656846320321,1.88729884608713,"1","2","3"
152,-0.710096053730442,-0.452942535108693,0.238230667327254,3.05496255859934,"1","2","3"
153,-1.72706361116199,0.337934307996533,-0.776339778533975,1.65985467733109,"2","1","2"
154,-0.0680567331195402,0.000298841696926672,0.0822457909790913,0.445718945744243,"1","1","1"
155,1.66051304810071,1.29221872866485,-1.67928426123924,-3.73001598901128,"2","2","4"
156,-0.989036135841782,0.17001912989978,-1.81584610863715,2.95366316177964,"1","2","3"
157,0.326916803623505,0.547720972053895,0.692620045635449,1.82920921236288,"1","1","1"
158,-0.702619880516842,-1.70490267582065,1.69836174671215,2.188044774023,"1","1","1"
159,-0.699429747649937,0.892489763940718,-0.349809599251271,0.710307225445719,"2","1","2"
160,1.81845612093319,-5.05198867059735,7.03716822513076,-1.46070699699129,"1","1","1"
161,-0.505686136003034,0.818325748711689,-0.248117792825814,0.303560653298143,"1","1","1"
162,1.01058518421803,0.292987143364638,0.336694383442431,-2.25952979250884,"2","1","2"
163,-0.380266707618169,1.00259609092538,2.30748172053697,-1.90457527836552,"2","1","2"
164,-0.619705270373624,-0.156076323591433,-1.40113787991117,2.24334443155245,"1","2","3"
165,0.217373271330676,0.0326189025832634,0.325261644971636,-1.24350342945688,"2","1","2"
166,0.687562632764379,2.1507895261363,-0.163136898468574,-1.09988828485772,"1","2","3"
167,0.873250768435907,-0.361356907976291,0.726753211820141,-2.47662378986869,"2","1","2"
168,0.978717182522751,-0.0875531057550116,0.989603343621285,-2.27794333663463,"2","1","2"
169,-0.0353667901988328,-0.599346906927485,1.01293510673046,-0.678103527062293,"2","2","4"
170,0.634062253871423,-1.87901331033145,3.35210606073579,-1.45680247676597,"2","1","2"
171,-0.276059724219713,0.10249769823737,-1.07834068850446,0.476193152749792,"2","2","4"
172,1.02539728308675,-0.894996713171859,1.52079547821416,0.48220618608301,"1","1","1"
173,0.744903184557152,-0.245096479032465,0.894811205579408,0.135678968626636,"1","1","1"
174,2.03955647762122,-1.75536833155101,1.98080407181589,0.255193895738031,"1","2","3"
175,-0.461767551735611,1.04836794975722,-1.69882016870974,0.72986255558899,"1","2","3"
176,0.0328605688819487,-1.16875899677167,0.702496974680092,1.6967265071193,"1","2","3"
177,-0.369249706920619,-2.23554768199345,5.81905440791497,-1.19156448468046,"2","1","2"
178,2.06078802932941,-1.61975327248185,2.95132323018897,-2.03294983728895,"2","1","2"
179,0.207128630660081,-0.90395286762995,1.64209796820811,-0.353463079470138,"1","1","1"
180,-0.221843305909309,-0.0685355567995753,0.669045466109111,-0.00894814191385491,"2","2","4"
181,0.0381922535111474,2.48755280889677,-2.87496084073508,1.25428218317921,"1","1","1"
182,0.209977541071816,-1.44455656771292,2.15163417167945,0.501560607782589,"1","1","1"
183,1.09123570052429,-0.931680705650153,1.19124612579471,-0.0427367451859244,"2","2","4"
184,0.101010287500286,-0.621550926853173,0.7584727094117,2.39082416206473,"1","2","3"
185,0.371185098410347,-1.07467148111858,2.55660301906743,-1.21439141732971,"2","1","2"
186,3.27512619836098,1.14377898080878,2.11204422229885,-7.439577231472,"2","1","2"
187,0.415246113931032,0.579620306536971,0.0634825867184999,-0.827525907669205,"2","2","4"
188,-0.169845462679223,3.44579928844919,-2.84888555777707,-0.403594112476095,"2","2","4"
189,1.11668938269529,1.80086114292115,-0.768538047553515,-4.11881357072561,"2","2","4"
190,-0.52785810405432,0.370921950860631,-1.33637099070332,1.40495648379902,"1","2","3"
191,3.02680491014667,-1.21737317831094,2.54705120924616,-2.72232714304902,"1","1","1"
192,-0.667558126699408,-0.75833107741448,0.0482180992325736,1.23122795723494,"2","2","4"
193,-0.757910909871512,-0.339062922303107,-0.109604966933759,0.510244610577078,"2","2","4"
194,0.160081988595119,-0.173958001123734,1.45153661329841,-0.264851397360483,"2","1","2"
195,-0.674447508083615,-0.126601192374564,0.691429557938602,1.0105635857252,"2","2","4"
196,-0.609160129839912,1.33161005623963,-1.37894420408869,-0.792766227070817,"2","1","2"
197,-0.678598045855553,-0.645663420070453,1.55312323973993,-0.179592382869348,"2","1","2"
198,-2.76172393486227,0.609899941168646,0.465610013324771,4.62964122283727,"1","1","1"
199,-1.83128884563761,-0.29190109990287,-1.40316029347219,2.19190732758453,"1","1","1"
200,-1.67590973093497,-0.52364566728,-0.206998524095127,3.82256425109295,"1","2","3"
201,0.67771236641814,-0.434437275341401,1.75303739071255,0.657615106125255,"1","2","3"
202,-0.95595243716687,0.459168955556278,-1.59503758986355,-0.523946596704312,"2","1","2"
203,-0.893462699018275,0.437032963499263,-2.5481351225943,1.40700822649683,"1","1","1"
204,1.0977074659131,0.806036460991164,1.18954394381265,-0.402212596525001,"2","2","4"
205,-0.779699795804245,-0.186206755814616,-2.49309781577289,1.79553120508861,"1","2","3"
206,-1.18418723662416,-0.23205804029909,0.0496191346230175,0.52152858215883,"2","1","2"
207,-0.735263757692996,0.926706075018744,-1.20688337593825,-0.581880969173671,"2","2","4"
208,0.670305410830392,-1.01888353969021,1.43571732352045,-1.56353923928109,"2","1","2"
209,0.320145866669809,2.83275311272892,-3.2764293333875,-2.64880152048604,"1","1","1"
210,1.91093380967794,-0.0755296311663505,1.41390463731346,-2.43700018621092,"2","2","4"
211,0.67485890264371,2.42789750053748,-2.17635515283438,-2.42634270118791,"1","1","1"
212,-4.66861560181533,-0.29201996630167,0.575314222393588,4.81317350906114,"2","1","2"
213,0.191554296700503,-0.343318074541918,-0.458064450487039,0.777793990952115,"1","2","3"
214,-0.11714075173854,-0.148310966371703,1.88558837591965,0.0545842520174272,"2","2","4"
215,-1.71288945429789,0.117496428643093,3.1525972560879,1.48429256758496,"2","1","2"
216,0.10848533541835,-1.06087472830831,0.208684411776264,0.672490468439981,"1","2","3"
217,-0.45806724795371,-0.612822055165819,-0.750775612381369,2.77922691772121,"1","2","3"
218,0.0613247278775818,-1.71006989720886,1.71696239760978,2.99491370146087,"1","2","3"
219,0.84993790464212,0.163852388876772,-0.798842067428896,0.306128194761847,"1","2","3"
220,-0.698359007538193,-1.76328960861384,3.1545229405394,4.46454559695444,"1","2","3"
221,-0.108295543499896,0.0197220198363629,0.668871738409772,-1.35672791626472,"2","1","2"
222,-0.782836820410774,-1.07118185928167,2.09306073846829,1.37636732791297,"1","1","1"
223,-1.84639025147003,0.876560605989513,-1.9943692082619,1.09203787261725,"2","1","2"
224,-1.18569549482191,1.04044430950717,-3.46710079895803,1.76003662200289,"1","2","3"
225,0.10362131189585,2.33886859012102,-4.30960719530071,-2.46975760100067,"2","1","2"
226,-0.246491134235647,-2.82053772527575,4.90536770915004,0.519472359606466,"2","1","2"
227,1.30360356950961,-4.00822970495175,4.97907174984688,2.28608195840064,"2","2","4"
228,-0.30539333930136,-0.659638003731879,1.39528154875642,1.11239113219888,"2","2","4"
229,-0.250877701501602,-1.13742598803992,2.17922845702828,-0.930458569358893,"2","1","2"
230,1.03379547590161,1.98788365815504,-0.906059007881628,-1.80993597334385,"2","1","2"
231,-1.46293276724874,1.21960343313483,-0.895150470060003,1.26147489636999,"2","2","4"
232,0.208051506360258,-0.0439960753497623,-1.42464188275282,-0.641298727915752,"2","2","4"
233,0.34790468690351,-0.211163253732416,1.37525772197765,0.445140840427572,"1","2","3"
234,-1.13979252567986,1.04627446100832,-2.55960220240752,0.621723655302085,"2","1","2"
235,-0.55260406810954,0.259315797122914,0.705469218910826,-1.12441674434745,"2","1","2"
236,1.55354708492366,-0.498893639039509,3.7858182912891,-2.63707430078332,"2","2","4"
237,1.95891665062893,3.25935888207282,-0.688135404691919,-5.2753329557982,"2","1","2"
238,1.51121129930853,-1.55180463026198,0.375303778693913,0.908295644916389,"1","1","1"
239,0.268712184350121,-0.505564094534456,1.57182422205548,-0.352951774848018,"2","2","4"
240,4.2217939824742,0.985005467296746,4.92925988097406,-9.43116706876899,"2","1","2"
241,2.85744450636409,0.803032642962657,0.420914714327909,-4.40606903628762,"1","1","1"
242,-0.510348990839049,0.631724171505945,-2.48580081653775,0.328699157573044,"2","2","4"
243,0.493159219719369,-0.701950957853298,0.856261341794859,-0.288857763704698,"2","2","4"
244,-1.09839452524893,-1.31266670911395,-0.770247185774035,-0.153846180807946,"2","2","4"
245,1.77020516161179,0.65046075711837,0.241554655695668,-2.11455600910193,"2","2","4"
246,-1.08237848184525,2.26470840765822,-3.84312953519645,0.722662502094254,"2","1","2"
247,-0.148678004635667,1.98362457075739,-2.82752997466832,-0.0702198452996853,"2","1","2"
248,0.796718648456806,0.00321206933915703,2.10807292606029,-0.832142755331789,"2","2","4"
249,-0.644401771722451,0.00138545516793621,0.0219421985908133,0.596937338069306,"2","2","4"
250,-0.678312874511886,-0.107358790212227,1.21417072734078,-0.763880367027536,"2","1","2"
251,-1.21008261320355,0.670995736755101,-0.690908164638793,-0.221239927019932,"2","1","2"
252,0.286892909114534,-1.40446476906969,2.94574082078806,-1.09966123876654,"2","1","2"
253,-1.2298090603738,0.673694043792444,-1.15264906187866,0.74481210403337,"1","1","1"
254,-1.76514329853744,2.85932418859474,-5.69867295456762,0.0416153932496041,"2","1","2"
255,0.925786605922135,1.03972739330898,-2.0229849335757,-0.529977976335845,"1","1","1"
256,-0.92908242707776,0.126440673788537,-0.0501893476903077,1.43542257693074,"1","1","1"
257,-4.06546094253099,2.56826705567998,-3.31561172194294,4.82115965097494,"2","1","2"
258,-0.24654844743119,0.454710076292903,-0.400917322853541,-2.7058177255169,"2","1","2"
259,0.680324560862695,-2.02737426936221,2.98341871643639,-0.381333944533021,"1","1","1"
260,0.738658759422654,-1.61248214563244,0.0697624667760017,-2.21438565441256,"2","2","4"
261,-2.76462457319578,-2.57942408418595,4.15551503646588,2.74023947371599,"2","1","2"
262,-3.06488336051165,1.10319278448403,-2.32017106676077,-0.0439184365015624,"2","2","4"
263,1.57981882850197,0.498327049891499,-0.974400293846227,-3.02055941497873,"2","2","4"
264,1.11742377295011,0.595430762169689,-0.620443866093311,0.123475793453492,"1","2","3"
265,-0.177952136208076,0.527350574500362,-0.328678682399683,-0.0838281915686385,"1","1","1"
266,-1.44182299389309,-0.35128996315561,-0.0485052515901013,-0.0869635433229918,"2","1","2"
267,0.629130872653228,0.460723498421211,-1.28397344293799,1.16603589147392,"1","2","3"
268,-0.0731844313302459,0.899785389750106,-0.478456569390675,-0.737933471193166,"2","2","4"
269,-0.749625594454973,-1.54736276740304,1.60922534954582,0.661402139911998,"2","2","4"
270,-0.669216229623572,0.797108674500296,-0.746385199466588,1.15353285251035,"1","1","1"
271,0.194488071843539,0.701256441700311,-1.29718020158993,-0.319242706550256,"1","2","3"
272,0.609697133414729,-0.0771822456498112,-0.182455300247742,-1.00870180151771,"2","2","4"
273,-0.876202295523317,-0.938289753250715,-0.85460337392142,3.61079090682927,"1","2","3"
274,-0.185027988403301,0.413192378637669,-0.918517247375703,-1.59344112443131,"2","2","4"
275,0.347679125106027,2.10485987854797,-0.342682815764763,-3.18245251802278,"2","2","4"
276,-1.85990826284191,-1.08075971134309,-0.557461456154679,3.87212537791154,"1","2","3"
277,0.322045552342809,-1.62605071409966,3.65150053116606,-0.562093552785361,"1","1","1"
278,0.0344507836217821,-1.03825063858635,2.67658949682511,0.433863792568762,"1","1","1"
279,1.9621767768318,-0.869805638801837,1.86036250890794,-4.43049061350094,"2","1","2"
280,-0.32853871560727,-2.22164808991552,5.31497920341031,2.2379042858936,"2","1","2"
281,-0.903741187317683,-0.838839372063093,0.589108002733075,2.63367761478426,"1","2","3"
282,-0.346135697228554,0.445245067566119,0.159073032801645,0.510199114813234,"1","2","3"
283,-0.415628710452833,0.834063955414839,-2.15766706910464,-0.730086316527323,"2","1","2"
284,1.83604982127282,1.18410493732879,-1.26563554014838,-3.29029781575346,"1","1","1"
285,-0.303301664896433,-1.58172019391699,2.49890561334413,2.54720705576448,"1","1","1"
286,-0.818955203420442,-0.629015575107815,0.347854313354912,-0.458863741719787,"2","2","4"
287,-1.01572598151865,-1.08373451971825,0.720748632647168,0.988297348881799,"2","1","2"
288,0.702254516461343,-1.85836651064332,2.62204152101697,-2.8867446430292,"2","1","2"
289,0.453387014300617,1.97370180428019,-3.16080308669675,-0.454790058783726,"1","2","3"
290,0.719113675495966,-0.507367289328106,-0.184716477095572,0.291103518646878,"1","2","3"
291,1.6920079633274,0.572270013568421,-0.116987893893599,-2.91423811453977,"2","1","2"
292,0.225072834729439,0.660380561020567,-0.288132276790449,0.612526838879931,"1","2","3"
293,-1.05176088861331,2.30756537288114,-2.82330581733119,2.77221655470245,"1","2","3"
294,2.31689681740832,0.386314600076188,1.23587127410076,-4.19958525535709,"2","1","2"
295,-1.53022117498897,-1.00717998643142,2.09679983789147,0.0979518459573111,"2","1","2"
296,-1.56956249806419,-1.26017616715069,0.859797578167685,3.03318109956019,"2","2","4"
297,-0.90301685879926,-1.16883626163452,2.27695028675669,0.0439708305838353,"2","1","2"
298,0.984605894335565,-0.90149151199907,1.04604756647581,-0.855302355966334,"2","2","4"
299,-0.880497190606288,1.34613002229319,-0.938198560267673,1.76114449470651,"1","2","3"
300,-3.0046355675205,-3.07837048358118,4.77897555002398,4.10536148130229,"1","1","1"
301,0.121742450699918,1.52850777446596,-0.68256518350285,-1.08171450611344,"2","2","4"
302,0.341411780321228,-0.119668015500517,-0.0928312445345691,-1.40424981262771,"2","1","2"
303,-0.519281162196792,-2.53957096642117,1.49422819085692,3.48365873551743,"1","2","3"
304,1.6337657284994,-1.46983802005923,2.25298067484667,-0.196971493511924,"2","2","4"
305,1.82850022527151,0.580706341745664,2.01188762348931,-2.99915687706772,"2","2","4"
306,0.593812848219433,-0.0695715250536789,0.819270857285436,-2.03998543578116,"2","1","2"
307,-0.717088557395465,-4.01154698824239,3.48610155413153,1.8976963875056,"2","1","2"
308,0.376366160715265,0.123891990154309,1.233566745669,-1.15136948548536,"2","1","2"
309,2.04068664294585,1.03061344136443,-1.10105364556067,-3.1943753155463,"1","1","1"
310,2.68333947924535,0.361709587213422,1.62541448958912,-0.199378085487858,"1","2","3"
311,1.96513568681382,1.85537050660236,-1.16191506905097,-4.67385135466066,"2","1","2"
312,1.02369884909589,0.199948173453264,-0.929873194392844,-1.4197479531728,"2","2","4"
313,1.42796177027337,-0.20373023883776,0.256473417374357,-2.35354383789592,"2","1","2"
314,-0.670126211189935,0.416953652374925,-1.26327628913785,3.00299223338127,"1","2","3"
315,0.643446588447116,2.06251514160306,-0.496766503179218,-0.304813708708658,"1","2","3"
316,-2.07972323134315,1.64628928637169,-4.38166614021545,1.67440335423767,"1","2","3"
317,-0.231232263752775,1.29695078262802,-1.90016274026187,-0.0366411599946055,"2","2","4"
318,0.161417412323967,-0.464875161783967,3.01975566830814,0.409577676136004,"1","1","1"
319,1.20751486962157,1.73993701666462,-2.0770009626691,-2.23060348390423,"1","2","3"
320,-0.176557488687386,-0.840631485266057,0.759702739255087,1.22956886405963,"1","2","3"
321,1.784955336065,1.2925684956634,0.291404230251059,-2.78926494276621,"1","1","1"
322,0.296857114540623,0.537611767651963,-0.0723840757614777,-1.64506415457711,"1","2","3"
323,2.19369743553549,-0.0604322298438743,0.31417972887123,-2.61696286157539,"1","1","1"
324,-0.337086237779773,0.0382234438108366,0.383091869627619,0.980409581970075,"2","2","4"
325,-2.0802907101399,1.94721756138445,-1.99289119953977,2.4879717749091,"1","1","1"
326,0.408280716291066,1.11572632648036,-2.67145608429485,0.444003791693454,"1","1","1"
327,2.04282109850676,-0.838371610497205,-1.60650757134201,-1.87865704677123,"1","1","1"
328,0.531156831139321,-1.46247829627836,1.28749661848976,-2.72231192194598,"2","1","2"
329,0.0687220064854809,-0.398562857565708,0.0947228113563725,0.0276028851469827,"2","2","4"
330,1.73173184252828,1.85792803659384,-1.13447165013945,-1.29437130353496,"2","2","4"
331,0.814071114962514,-0.215375306453815,0.349708430538883,-2.64294424012429,"2","1","2"
332,1.90967585869638,0.644279200586761,0.735583127295501,-1.12293356324506,"2","2","4"
333,-0.48290930349598,-1.03522767473314,1.4337211731078,0.873529592463747,"2","2","4"
334,0.667748453720051,0.51086196532364,-0.788882331746459,0.167126811727139,"1","2","3"
335,-1.06794293395153,-1.11063095189804,1.30828719438517,0.975369778821787,"1","1","1"
336,0.878806833850064,1.12310438007034,-0.549579098941666,-3.54684972385421,"2","1","2"
337,2.05178073615484,-0.0412735270483061,1.18218464754792,-0.750871579982096,"1","2","3"
338,-1.38447746154192,2.25602787597208,-3.92266059403391,0.933319000691467,"1","2","3"
339,-0.881802735941539,-1.52286451486576,2.9758258597269,-1.96476777556221,"2","1","2"
340,-0.926605405946536,0.476484840105155,0.253672271530556,-0.148291045421889,"2","2","4"
341,-0.228600280651192,-0.546735519998222,-0.296656357473947,1.71769223782719,"1","2","3"
342,3.3492083236996,-1.32792304708321,5.77959190434751,-1.69157029686411,"1","2","3"
343,-1.96701465092288,0.00681396825068573,-1.02372160439564,0.131394699152519,"2","1","2"
344,-0.12364533079865,1.45505077971357,-1.84872696375116,-1.23114632690366,"1","1","1"
345,2.09072977081115,1.13429009731727,0.171887214583793,-1.37076886012372,"1","2","3"
346,-0.0838595407381743,-0.168955355020595,0.491914155104803,0.626960275639425,"1","1","1"
347,1.11300046821575,1.57827915233991,-3.87707835151822,-0.302955430775234,"1","1","1"
348,-0.404849238760902,1.22952689040002,-1.36004205147869,-0.816018750133804,"2","2","4"
349,-1.57352045668687,-0.897768224209192,-1.46996807870387,4.49850540259826,"1","2","3"
350,-0.734884051851887,-0.960308506288061,0.540127172013312,0.193880107050201,"2","1","2"
351,-3.87202053979648,2.87652656762999,-3.35446798414392,2.92883433099877,"1","1","1"
352,-0.117649040009406,-0.25193134030309,-0.279559111552347,1.98927766575024,"1","2","3"
353,-0.347685006818642,-0.0294863117502571,1.11418733024089,-0.0583793932108767,"1","1","1"
354,-0.830184430383434,-1.11475585696797,1.53990760889672,0.404945474782195,"2","1","2"
355,-0.651634830430628,1.60094455103811,-3.46861242933672,1.5527918300626,"2","1","2"
356,1.83894283478915,-1.66444221280923,2.86314100136356,-1.24582960311473,"1","1","1"
357,-1.0809650890481,2.16219087089187,-3.66160909397789,2.93907507136331,"1","2","3"
358,-0.638385482599942,0.183558298697688,0.255656783422527,-1.31691929683879,"2","1","2"
359,-0.446321644177713,0.562187165150809,0.0601492109239856,-1.0246250240453,"2","1","2"
360,-0.486495624337215,-0.483181262010895,0.359562918796051,0.768543303151318,"1","1","1"
361,-0.228625728476036,-0.657306299789926,1.13443555341683,1.4373406086285,"1","2","3"
362,-0.0189238968116487,-1.44392818424121,1.94028073329615,0.383304702598444,"1","1","1"
363,-1.55778019438975,0.86348253935046,-1.13035180632036,0.740255384432789,"1","1","1"
364,-1.05765939048389,0.0336856673839153,-1.35914318550973,0.893266924058482,"2","1","2"
365,0.305429912318239,1.06051648684649,0.186696681164394,-0.969338451378106,"2","2","4"
366,0.167006208108812,0.0696827669067255,-0.18872265641974,1.19541598014028,"1","2","3"
367,-0.531749652181079,-0.325855682555216,0.527544252404995,-0.815938322122153,"1","1","1"
368,0.482265093034372,0.112665027464492,-1.07005866074899,0.155073747042263,"2","2","4"
369,-1.24802180414326,1.28191793316608,-1.75704046367625,1.03586634320372,"1","2","3"
370,0.732836935210756,1.59135071402017,-0.448357222479619,-2.38818413818763,"2","1","2"
371,-0.142143926628796,0.869454374951215,-1.09058401362595,0.239770828232403,"2","2","4"
372,0.19283596898576,1.05277079913987,-0.993601130759195,-2.01391205260763,"2","1","2"
373,-1.16699590099805,0.465674875753419,-0.503246028720458,3.06741949856273,"1","2","3"
374,-0.38556844352606,2.71338471588691,-2.85888222599233,-0.38188664268872,"1","1","1"
375,0.197363586931576,-1.06084546658979,1.64781499220057,1.37505214142079,"1","2","3"
376,-0.2111652513781,1.88630143934243,-3.34508286198638,-0.517961207080702,"1","1","1"
377,1.29301003330788,-2.11128212225883,1.6344769776231,1.61693435722315,"1","2","3"
378,-1.2264079153088,1.33913949540312,-2.14772647747316,0.0714800085041254,"2","2","4"
379,3.91763039076221,-1.39242674725063,2.21365107134173,-5.51017262885929,"1","1","1"
380,0.797333205280804,1.72433141576595,-0.195421555258207,-0.793171859631983,"2","2","4"
381,-1.32873347658638,2.44638289660725,-4.32794151527135,0.216180703131873,"2","1","2"
382,0.104760327476367,0.262698093497617,-1.19188174764503,0.125962587806705,"1","1","1"
383,0.0589717009478643,-0.544478522737752,1.40605642555083,-2.86325433721011,"2","1","2"
384,-0.273832155053824,-0.733644695434806,0.876618885788926,-2.63866589604399,"2","1","2"
385,0.62529916302773,0.855352269959098,-1.78112591043096,0.12656736763433,"1","2","3"
386,-0.111486817462056,0.279573065085641,-2.0080937566964,0.0504690784236902,"1","1","1"
387,-0.330463371352644,-0.167644997584533,-0.3527877427803,1.83734012757647,"1","2","3"
388,0.0989268985288369,0.141399519194389,0.195008820013523,-0.0696948101711254,"2","2","4"
389,-0.141356392745398,-0.215035251506579,0.180692331815891,-1.41629242156037,"1","1","1"
390,0.124689406616485,-0.159109521441984,1.54686847520742,0.563979035601486,"1","1","1"
391,-0.966671417775319,-1.2395565889593,-1.09273806440419,3.2200615403607,"1","2","3"
392,2.27792556034853,-0.307809958043582,0.869557107037151,-3.63118279718261,"2","1","2"
393,0.984840307677141,-0.489829216026217,0.45991677257516,2.9916691156005,"1","2","3"
394,0.145950624819057,1.56747133325534,-1.71259076078348,-0.588908414010289,"2","1","2"
395,-0.516393765687066,1.03379386900874,-0.900135700481108,-1.12103648958971,"2","1","2"
396,0.715101115881348,-4.76895037156252,8.16315315562157,-0.0412662436208528,"2","1","2"
397,-3.74373730387194,0.927805210300595,-5.22447072521563,3.90271433439931,"2","1","2"
398,-0.303345022080383,0.495782225265754,-0.392781390324562,-2.26211992951144,"2","1","2"
399,1.67543162568392,-0.528243884566443,1.54890135555662,-3.08005584982827,"2","1","2"
400,0.305112835745143,1.35854673654705,-1.07192641132116,-1.14225056818688,"2","2","4"
401,-0.157757529339513,1.10836571558749,-0.470343334349098,-1.74394936472135,"2","1","2"
402,-0.149976399680122,0.799513565883114,-0.851942097879051,0.0646455401592123,"1","1","1"
403,-0.590127108378915,0.599259417507712,-1.86512077378348,1.57595797223005,"1","2","3"
404,0.628706383541238,-0.56771258854591,0.594383084395652,2.23918138098755,"1","2","3"
405,-0.767287431195773,-0.00615319513283551,0.61253939152378,0.852460973647207,"2","1","2"
406,2.40964723051478,-1.03053113329941,2.82690063804795,-3.41192271685596,"2","1","2"
407,-0.026729246857632,0.602207916641996,-1.51177956965666,1.28926265289102,"1","2","3"
408,0.559060520558703,1.12516747614,-1.00264919238973,-1.59058940582978,"1","1","1"
409,0.246989327723181,0.665297235393886,-0.70368752162997,-1.08939346805535,"2","2","4"
410,-0.587522568887147,0.857568905233422,-2.24047704850882,0.511844445615053,"1","1","1"
411,-0.629385260291482,-0.432269781800974,1.07237517630598,-0.289009848585771,"2","1","2"
412,-0.645370894464067,0.684988185107725,-1.81585604506692,0.741799705262257,"2","2","4"
413,-2.68297237719848,5.0092216830016,-5.99988486795337,1.65166313967081,"2","1","2"
414,-0.933432522938717,1.3949277927191,-1.93762339908368,1.05400002355536,"2","2","4"
415,-0.328301580085699,0.083362944896321,-0.500845163808175,0.386872442918954,"2","2","4"
416,-0.708888167779688,1.29373059398225,-2.22002296292445,0.422671524445968,"2","2","4"
417,-0.400371985957452,-0.305839812090325,0.0957531236313025,-0.0878430675049502,"2","2","4"
418,-0.160748468748347,0.300557591177452,-0.693471179189221,-0.10552004052951,"2","2","4"
419,0.0908121517687782,-0.483485473811192,1.00390792721708,-0.988814318882012,"1","1","1"
420,0.180982081885459,0.0725287031133949,0.141327665097185,-1.29059596867858,"2","2","4"
421,-2.1248830027497,2.48590239272819,-5.12117529308953,-1.20900880651117,"2","1","2"
422,-0.0555298478709262,1.3059002900423,-0.956050756968737,-0.750833813268565,"2","2","4"
423,-0.816583664445716,-2.18522874493383,-0.940919813630031,2.89399105741556,"1","2","3"
424,0.814213771144124,-1.22304971786786,2.10172588490823,-2.06480632996,"2","1","2"
425,2.58714631191386,-1.19179161366013,4.13380725245849,-3.74209616613106,"1","1","1"
426,1.43117776497546,-0.128635097605523,4.08280817670049,-4.03460348887288,"2","1","2"
427,-6.64231459609227,-0.113902960036138,-0.445195623771611,10.7006345887593,"2","1","2"
428,-0.0704233441177783,0.115100212548822,-0.779077700626114,0.880690784427246,"1","2","3"
429,0.166877446905164,-0.24762803124735,1.36410215080319,-0.0221717901086718,"2","2","4"
430,-1.93397155819652,0.0321576783852847,-0.909228921465975,3.13065140041414,"1","2","3"
431,-1.14921840388038,-0.172011601323256,-1.20440897781899,1.63822912471976,"1","1","1"
432,-0.114332758464804,-1.21259024329765,2.51682796538166,-0.610108292266172,"2","2","4"
433,-1.38052943897552,1.90461490612457,-4.65979005551451,1.05824700265118,"1","1","1"
434,1.12933621797726,0.537811633323303,-0.888167617250629,-2.30202029556222,"1","1","1"
435,-0.605818737231446,2.39613328743403,-4.98607287428954,-0.630752722257511,"2","1","2"
436,0.0915454524057221,-0.641616253091651,0.197383358781649,-0.586591388302874,"1","1","1"
437,-0.459032199351042,0.515888310449096,-0.62395864750127,-1.38212192143264,"2","1","2"
438,-1.74522992015503,0.379689411422686,-3.8512536546588,2.38604825283241,"1","2","3"
439,1.26468720919915,1.61841892542361,-0.498326295000232,-2.95409564592015,"2","2","4"
440,-0.536762974506853,-0.0606841382371297,0.537197046133547,-0.792977637501588,"2","1","2"
441,0.319038604581233,1.61186194120528,-1.80863844207183,-2.07491309823629,"2","2","4"
442,1.05918032740956,-1.54173577388515,2.30166607628253,1.27859279919941,"1","2","3"
443,-0.977915486842091,-0.21059316849113,0.618280378933936,-0.394014754747406,"2","1","2"
444,-0.0616471926366296,0.503254551627735,-0.426004049069485,-1.01284900103609,"2","2","4"
445,-1.66996358963874,0.122734442065406,-0.831321811101466,1.28093766401229,"2","2","4"
446,-0.65349654321816,1.02838419048511,-4.28617721058471,1.63967361951485,"1","2","3"
447,-0.22646755315974,0.83859136341003,-0.413081150995664,1.24631790149308,"1","2","3"
448,-1.5340976915211,1.91654102762467,-4.7901233332632,-1.75778623883889,"2","2","4"
449,0.354956400336512,0.839310094644823,-0.540674421324282,-1.9475386853015,"2","1","2"
450,-0.107354802710851,0.305793052978892,-0.623645504351765,-0.211612716707319,"2","1","2"
451,0.961356942734765,-0.631537256342138,1.54471595792327,0.0147030779709153,"2","2","4"
452,1.19707346184283,0.630737301436845,0.590884639835293,-2.84204547204518,"1","1","1"
453,-0.547629196771927,0.207579330243557,-0.221076953860954,0.235089789559436,"2","1","2"
454,0.622511670254506,-0.351392778248604,-0.585539099847962,0.698460112724301,"1","2","3"
455,0.343989518285656,-1.17608738968938,0.902568604628229,-1.91105046674628,"2","2","4"
456,-0.227616190050041,-0.0735139394399628,-0.664634373071775,2.02332461834899,"1","2","3"
457,-0.917990945456648,0.0811634513880928,-0.0956720046191735,1.24006576111335,"1","1","1"
458,0.0697614564369276,0.367442029622092,0.05240008687607,-0.570554901705608,"1","1","1"
459,1.56844904549047,-0.64249136469343,2.68477729182008,-0.721698786300506,"1","1","1"
460,0.485332290615872,1.36181357564103,-1.64198410013847,-1.38700438296834,"1","1","1"
461,1.18352642920471,-0.59121940052284,1.17249753281497,-1.56506129776757,"1","1","1"
462,-0.313904396005633,0.361109269874012,-0.934440966813603,2.51356046326213,"1","2","3"
463,-2.11614874001243,0.83485310372398,-1.95243785830036,2.57083893255767,"1","1","1"
464,0.192394194044436,-0.433863946975088,-0.102915212482485,-0.686332531387729,"2","2","4"
465,0.116314624571093,-0.934382400923152,2.16101666204215,-0.779314818977047,"2","1","2"
466,-0.729777026665821,1.40018751122401,-1.60436400534689,-0.512060842237588,"2","2","4"
467,-0.416391727788191,-1.34436475811161,2.28626422928676,0.625765213015108,"1","1","1"
468,-1.48070085562406,0.250785361063462,1.13940765081633,0.483117569161029,"2","1","2"
469,-2.24799449177357,-1.61158555623244,0.121343711720292,1.9811557477326,"2","1","2"
470,0.685297664957556,2.74157122388035,-5.07843985818105,-1.935064594896,"1","1","1"
471,0.156145162909616,2.9806068196325,-4.8003248022697,-1.39199973947845,"2","2","4"
472,1.38149372746055,-1.77788659289517,2.4810767898749,0.331989515043816,"1","2","3"
473,2.07572665522739,-0.882300005707774,2.74258348120814,-4.03781915261762,"2","1","2"
474,-1.17012369339,-1.05554094189102,-0.109468804628832,3.0696426512227,"1","2","3"
475,0.249361216743445,0.763869013174242,-2.01035459526352,0.19043015377398,"1","1","1"
476,-0.461328117201645,0.587522164544016,-0.468710333954401,-1.49241173466108,"2","1","2"
477,3.07348114771182,1.98680426679419,1.03511075364163,-4.16137730563278,"1","2","3"
478,0.223844882621884,1.21990612315493,-2.47094229195352,-0.760785941166557,"1","1","1"
479,-1.07913286477821,-1.23529870112383,-0.766045162517681,4.3306264028965,"1","2","3"
480,-2.30179493801379,-0.151065777545644,-0.224710571586172,2.27909096189926,"2","1","2"
481,-0.773526387969634,0.876939257162614,-2.09901428995569,0.216504702361278,"1","1","1"
482,-1.51809608521747,1.58685946158423,-1.98769438513471,1.23678675068918,"1","2","3"
483,-0.565703384710632,-5.76113263180012,8.99768394248294,2.81685467035,"2","1","2"
484,1.70016162426159,-1.99155112764405,2.22221945473217,-0.147105775596708,"1","2","3"
485,-2.06887219091253,0.626609750514022,-0.722810892152813,1.21079231140464,"2","1","2"
486,0.431334082530956,-1.66067750764377,1.19091971259571,0.18542140579486,"2","2","4"
487,0.679738635432089,-0.548736711440086,2.68456615684988,-3.51893239912792,"2","1","2"
488,1.80465686406669,1.62028739693268,-3.00252298652746,-3.69569428279883,"2","1","2"
489,-0.27938015134671,-1.55540942406372,3.01785882406244,1.47429304721864,"2","2","4"
490,-0.504230562120778,0.265932371988983,0.147470627378929,0.615938533989062,"2","2","4"
491,0.431026634958582,-1.61310753788036,2.01124670000879,-0.324915999229582,"2","2","4"
492,0.2444344463475,-0.265697481962639,-1.54933408633607,1.3415810902874,"1","2","3"
493,-0.338182023758731,0.475016559331496,-0.144262500045634,0.648072589100488,"1","1","1"
494,0.696168538245189,1.02981628115236,-0.161776436495521,-2.22703111600564,"2","2","4"
495,-0.797161893004222,-0.0568162289083367,-0.310566788849768,0.412357970237516,"1","1","1"
496,-0.812737353282832,0.768382963838431,-0.997014482657217,1.65484761667412,"1","1","1"
497,0.805875210526588,0.263699335832429,0.682740362661232,-2.11329475058267,"2","1","2"
498,-1.45863072939758,-0.343939605198615,0.273711437455169,0.449622004662396,"2","1","2"
499,-0.372641711488007,3.02796446230581,-4.36893129077006,-1.15648041146977,"1","1","1"
500,-1.31221722780866,-2.03538555335447,2.6569280773307,-0.0529006997492227,"2","1","2"
501,-0.216896351043513,-2.64846048686285,1.74758718142216,-1.15249270766701,"2","2","4"
502,-1.29005616864344,0.70925476618262,-2.89382183961015,1.29941013656467,"1","2","3"
503,-0.662366936914307,-1.1141410715698,1.87671260672116,0.659499161066821,"2","1","2"
504,-0.231518283188067,0.06128844656751,-0.100065742223559,2.46745568538682,"1","2","3"
505,-0.744083867459157,-0.684058405747581,1.24542838718344,0.736770819415417,"1","1","1"
506,-0.475549833189853,-1.22213252381044,2.47630327049326,-0.146713830761988,"2","1","2"
507,-0.145686360354001,-0.532669571784735,-0.147797640479309,-0.769385158877275,"2","1","2"
508,0.198579611937385,-0.018852693787827,-0.542917564662461,0.901784178327213,"1","2","3"
509,-0.725728744908919,0.731181675884175,-2.32098476221963,2.12291113334329,"1","2","3"
510,0.675225340137126,0.796234896093782,-0.931452068819627,0.465301259916106,"1","2","3"
511,0.204349384572611,0.455709455913675,-0.462987083180102,-0.00686574251447322,"2","2","4"
512,1.54149446745844,-1.00585050025691,2.77562174011293,-0.416527211982108,"2","1","2"
513,0.270846827690885,1.37644525742907,-1.45664807260486,-1.28944430309689,"2","2","4"
514,1.04988319816886,-0.77633395110358,1.81196692130837,-2.38662069407267,"2","1","2"
515,-0.594123768802793,3.1615047265046,-2.90967016839256,0.145659353396431,"1","2","3"
516,-0.217606239521113,-1.1454378320462,1.0376939847967,2.26431248679894,"1","2","3"
517,-0.076543495157812,-0.648309338389383,-1.0727384458859,3.44637594961548,"1","2","3"
518,1.00640061449827,1.13916431407344,-2.04710114664177,-1.8094406215011,"1","1","1"
519,1.44407836588466,-0.992709948800569,1.0757988076706,-0.266124011590977,"1","2","3"
520,1.11933997493405,-1.01210552584279,1.16742488316259,-0.0834993567378397,"1","2","3"
521,0.843827447362328,0.408241021933709,1.57066667904539,-3.68103214866406,"2","1","2"
522,0.599517169620699,0.609609497747599,-0.743389669428714,-0.981310315721011,"1","1","1"
523,1.03800748408589,1.15081461098447,0.490640584920136,-2.32029467588452,"2","1","2"
524,1.2936649570109,1.04826846693054,1.03944215090965,-2.36571789295664,"2","1","2"
525,0.325464042170797,2.4001888654426,-3.6165733469735,-1.36266935675614,"1","2","3"
526,-1.34471501910964,2.53154342154882,-6.17454547058131,0.528011676872893,"2","2","4"
527,0.837516905146958,-0.0430955219595687,1.21790808782385,-2.8896906904664,"2","1","2"
528,-0.102837368555664,0.177270003472092,0.844677928202895,0.85608395456113,"1","2","3"
529,-0.711924210382819,1.10230124936293,-2.07030793719462,0.164743521882713,"1","1","1"
530,1.44978308492046,-2.06608684075418,1.95236190362911,-0.32303609389027,"2","2","4"
531,-0.167045405605308,0.436552825665929,-0.924322855676935,0.503116935898851,"1","1","1"
532,-0.723030252938338,-0.715263678993769,0.757832104206596,-0.164689988755575,"2","2","4"
533,1.64283409153697,0.694173050469859,-1.1089148232304,-1.20255768620503,"1","2","3"
534,-0.360626799399274,-1.02622734504171,1.76054210216767,1.51695985697512,"2","2","4"
535,0.240511457116852,0.0522989888575593,2.33907009401128,0.0307840240381541,"2","2","4"
536,-0.491420929819741,1.46298418444242,-1.82179888524846,-0.478999157561436,"1","1","1"
537,-1.32904012941918,-0.836095088262358,-0.678521175395286,3.45121577069818,"1","2","3"
538,0.20159839718616,-0.548823566243044,4.51868075181296,-2.09140121307504,"2","1","2"
539,0.289654357325495,-0.0241843697626572,-0.29568894808237,-1.53518482726053,"2","1","2"
540,-0.346940020898142,0.185832585918554,0.664959947673339,-0.294934710202698,"1","1","1"
541,1.987673606043,-1.55248665620791,1.60574943631396,-6.41129810508741,"2","1","2"
542,-0.331835648231578,-0.443323204464486,-0.27867637350027,1.75492816529744,"1","2","3"
543,-0.485056872750934,-1.35349456840642,3.16772979868254,1.36278208908763,"1","1","1"
544,-1.36237072083901,-0.303678492873976,-1.0627575697073,1.31398848680412,"1","1","1"
545,0.0629542156463011,-0.332290104985495,1.17720877143697,1.49709735049683,"1","1","1"
546,-1.6173877910569,-3.22633268125653,3.37124721947607,3.09302115564363,"2","2","4"
547,0.458606697037832,0.72806545650327,-0.341928248559747,0.949287848003497,"1","1","1"
548,0.54593880629376,1.63398275919524,0.211420437503781,-2.70575913889943,"2","2","4"
549,0.949787631434203,-0.276034803879691,0.700279072766749,0.686045750818011,"1","2","3"
550,1.57203097453432,-1.43337278775378,1.2218572573275,-4.33072807508673,"1","1","1"
551,-0.430624338090999,-0.761527131564305,0.282536872576054,1.33995400141255,"1","1","1"
552,-0.863035347293483,-1.103217749457,0.51452589723297,1.44488183298294,"2","2","4"
553,-0.544119862266499,0.704367487392292,-2.17692484062708,-0.139434803904029,"1","1","1"
554,-0.472621799075055,-0.82915685662783,-1.25427856520235,2.08882991571657,"1","1","1"
555,0.018532604276586,-1.19247811101612,2.22999364630114,-1.06092757399835,"2","1","2"
556,-0.296244260199598,-0.0659537139314119,0.440464962083593,1.19249661138236,"1","2","3"
557,-0.145648477559034,-1.31386566188539,2.88509490068692,2.34181340800545,"1","1","1"
558,0.306207049148122,0.562029567059758,0.0207283538359817,-0.135387332069459,"1","1","1"
559,-0.57544745296948,0.152630243571239,-0.901351598716913,2.06846374976898,"1","2","3"
560,-1.09871362244963,1.70822442439098,-1.38256872204725,0.921664120259648,"2","2","4"
561,-0.456975963440434,-1.51092166899028,2.69549367181925,-0.733823089119959,"2","1","2"
562,1.25059121507892,-1.16021754573243,1.3546274052927,-0.0526254757550186,"2","2","4"
563,-0.391025356088804,-0.289473924580044,-0.0259696017066587,0.392835308622153,"2","2","4"
564,-0.696881243882775,0.58233439416034,-0.83865946409146,-0.453486639989031,"2","1","2"
565,-1.15730964259251,1.15889813566245,-2.63056963297967,0.69189486248041,"2","2","4"
566,1.12805504689305,-2.29548091713665,1.88645692735629,0.0494169438033222,"2","2","4"
567,0.352518539254978,-0.952985888520458,2.47471323502852,-1.91030568981562,"2","1","2"
568,0.282460971983591,-0.560316329212681,1.8011520378714,-1.39348572479006,"2","1","2"
569,-0.67291824808571,-2.07814714554574,2.03152961417624,2.03413397189548,"2","2","4"
570,-0.24839627886146,-0.700797682511638,1.23529937882474,3.46488568118779,"1","2","3"
571,1.7722153528968,0.177110575484383,-1.15806396067848,-3.39056906647284,"1","1","1"
572,-1.78911460497801,-0.472790212622869,-1.55996272339014,1.98850305595957,"2","2","4"
573,-1.11450127987809,1.43214213172586,-1.08390222244034,-0.27662711250383,"2","1","2"
574,-0.433947080551636,1.51751650214366,-1.55690071184455,-1.98162017180413,"2","2","4"
575,-0.574338744086823,1.85233338384293,-1.4213897971845,-1.96568782956128,"2","2","4"
576,0.161722181862919,0.885431140432858,-0.581901749485177,-0.885490277005999,"1","1","1"
577,-2.73550186015585,-1.99195670538767,2.060003086574,3.08588288904534,"2","1","2"
578,0.280919402213814,-0.170595526281844,0.456309814452736,-1.24036461930173,"2","2","4"
579,-0.0219641597095984,-0.48556218504557,0.319551400411487,0.714061790251608,"2","2","4"
580,-0.774102596535733,-0.668847525649443,0.158485839818622,2.62965790743131,"1","2","3"
581,-0.852197511280175,1.51961731216713,-2.39094272385147,0.539818404368208,"1","1","1"
582,0.0818496922282227,0.36778102539939,-0.293969183368448,0.0126696616057516,"2","2","4"
583,-0.434457627463953,-0.100732128082043,-0.251347356762842,1.096854529798,"1","1","1"
584,-0.286346989985643,-0.313688244085237,0.0852790532692882,0.528403248530687,"2","2","4"
585,-0.30357151943145,0.694294107479279,-0.760103398197176,-0.109758475848648,"1","2","3"
586,-0.262630985986437,0.0837647000202081,-0.547256261227812,0.29100206209647,"1","1","1"
587,0.458573368325547,-0.152308745739005,0.669209235483158,-0.775724483700034,"2","2","4"
588,1.73310234952749,-10.5947194337438,10.0679895861552,8.49311154111759,"2","2","4"
589,0.967438388160467,1.50123645867114,-1.80948713920231,-0.450656456474462,"1","2","3"
590,0.976551035138823,-1.35851399670715,1.32490652297504,-1.51879894123814,"2","2","4"
591,2.82181697865441,0.615925314981061,-1.72099564604042,-3.73475607514181,"2","1","2"
592,-0.285436580608474,-0.976654410791479,2.77793431134927,-0.536048980691893,"2","1","2"
593,0.765022135979892,-0.508285301748598,0.780611619887237,-0.210505951183167,"1","1","1"
594,1.54957874910797,0.62499838516373,-0.952412168500986,-1.659428454089,"1","1","1"
595,0.676428606295215,-0.2582564380923,-0.556330805789771,2.13726084835948,"1","2","3"
596,1.40625370611665,-1.43511973362897,2.89892998693165,-2.71876145069766,"2","1","2"
597,0.0933974453282352,-0.239964561515342,-1.12259302078341,0.445337509838914,"1","2","3"
598,-1.07228499780254,0.113820187371541,-0.246869016177363,1.68050053768957,"1","1","1"
599,0.0210941580332503,-0.422773815406219,-2.27646205630449,0.989716801588602,"1","1","1"
600,-0.209845391210715,-0.618861038611592,1.44316862371773,0.936642379801217,"1","1","1"
601,-2.58160033429622,0.65520859138405,-1.77085108827328,3.06769659315942,"2","2","4"
602,0.7509426509081,-2.25396032687941,5.52932859746626,0.858130409290575,"1","1","1"
603,-0.224832946496491,0.614682710212541,-2.19097597091079,0.495118230397542,"1","1","1"
604,-1.23580278792212,0.927131394621531,-2.7184727635204,1.12451776882037,"1","2","3"
605,-1.30561096724245,0.532202249498731,-4.51648844986731,1.86697334470669,"1","1","1"
606,0.987837770080318,-0.44751639515953,0.58848264064292,0.68389484420969,"1","1","1"
607,-0.25028481703878,-0.953918633851756,1.7982525635326,-0.621666757075105,"2","1","2"
608,0.321896477002969,-0.143562596278461,-1.10798026007162,0.132197233391769,"1","2","3"
609,0.339341650828386,0.224254289747679,0.475377156876805,-1.2467734969133,"2","2","4"
610,0.956965882881415,-0.804240657998469,0.62061808312029,0.0983419011107207,"1","2","3"
611,-0.788473179876404,1.87104417734322,-2.7877259745101,0.382097280093413,"1","1","1"
612,0.977549368708776,0.840943520907327,-1.02058056995352,-1.75894366732084,"1","1","1"
613,1.50113289035059,-1.26103000682658,4.99054159655411,-0.713957078297387,"1","1","1"
614,0.2417770804456,1.28858342202532,-1.51635619354996,-1.10279896370544,"2","2","4"
615,0.362198607972182,-0.220358470817906,1.17805772353261,0.216560156204276,"1","1","1"
616,-0.0157708275398813,-0.618024045131314,-0.778886835461627,-0.500825885672602,"2","1","2"
617,0.128230824135569,0.921822760034847,-2.90102502830614,0.525704143524436,"1","1","1"
618,-0.61647466205805,-1.8472669454397,2.11276710837662,3.45977160025431,"1","2","3"
619,-2.67264506106635,-1.01131229485639,0.132602639734577,3.59329093619786,"2","2","4"
620,-0.41591387426801,0.44788904149694,-1.979833137972,-2.56005346219874,"2","1","2"
621,-1.13219390240946,0.35810115620646,-1.11697655440854,0.832964489160003,"1","1","1"
622,0.869528952973603,1.44092311860991,-0.904529312822509,-1.19126053655151,"2","2","4"
623,-1.26420703197651,1.57883776631835,-1.00726065084689,0.993312582657699,"2","1","2"
624,-0.219615629519247,-0.00820946601847741,0.614036468262027,0.376237114328198,"2","2","4"
625,-0.0253700107737167,0.348565177409422,-0.529808567322492,-0.467467984103427,"2","2","4"
626,0.553325252576236,1.86423078894952,-1.76078460288339,-3.26327101792472,"2","1","2"
627,0.757344724023308,-4.19707852798025,4.92947387074481,2.12741529880334,"1","2","3"
628,0.724347807412474,-0.179534453901006,-0.193891422034694,1.18858885571881,"1","2","3"
629,0.206672673381055,0.251352622082729,-0.181077253587872,-0.0578554424996567,"1","2","3"
630,0.677961031765732,0.451256423566507,0.167548740184014,-0.544773689704872,"2","2","4"
631,-0.324089079094103,0.682272207569637,-0.574205518195911,0.297549722127692,"1","1","1"
632,-3.17858034714761,2.89125205963424,-6.53851141900865,0.563739148105881,"2","2","4"
633,1.05620919228311,-0.708150804017856,5.06148613672269,1.66343262973025,"1","2","3"
634,2.97511801325571,2.74096466043733,-0.76875630003753,-6.06598487294992,"2","2","4"
635,1.62115433222116,1.18376067309433,-1.30335229733031,-3.17678333012502,"2","2","4"
636,-2.27936827378867,2.07451415050473,-4.37846862908688,1.51441307406342,"2","2","4"
637,0.302867029853216,0.767591179294925,-0.23300962931013,-0.387550623857045,"2","2","4"
638,2.0921960327794,-0.59191804213679,-0.194070195625081,-3.88818974587478,"1","2","3"
639,-0.663151889328828,1.7732752040971,-4.65628943651977,0.721556405646491,"2","2","4"
640,0.805034221110874,0.350574227005365,-1.26127443149038,1.04082840528873,"1","1","1"
641,-0.492260882815677,0.00252952330432583,-0.135825240887828,-0.319219241148416,"2","2","4"
642,-0.508480360511993,-0.0326012788612358,-0.415335539225936,0.688295219271811,"1","1","1"
643,0.798631820473953,-2.02746654233174,1.37755062932334,0.0975019879291003,"2","2","4"
644,1.17408481987279,-0.645472741151489,1.71797987483377,-0.834767453611257,"2","2","4"
645,2.67297160663174,1.70376792561956,-1.81404885583415,-3.98351386489151,"1","2","3"
646,2.00614156688042,-1.72065321210273,1.31499039403639,0.882965406690901,"1","2","3"
647,-0.206318582945116,-1.0102770855878,0.370738241952739,1.64353731316322,"2","2","4"
648,-2.18801969544248,-0.252719211930447,-2.33687499489887,3.42235389719429,"1","2","3"
649,0.876497223225531,-1.47720164360918,2.3771245488465,-0.0480182570765211,"2","2","4"
650,-0.779196765588151,1.5953208127908,-1.50719128710612,0.200572047758006,"2","2","4"
651,-0.965215426226625,0.0485022544750788,-0.961754656036749,2.22014869858064,"1","2","3"
652,1.806283219902,-1.13432270561226,0.997098203018603,-0.476183962625131,"1","2","3"
653,-0.0519647292428921,0.0366528335073878,-0.760066417310798,1.41346673498086,"1","2","3"
654,-1.24452758885212,1.75405522238688,-1.59927437000606,1.09342126026072,"1","2","3"
655,-0.138597909655696,-0.306723777222392,0.10508099349465,2.79790566843246,"2","2","4"
656,-0.311145067848587,-2.34996190977828,2.89783340200719,0.938337246451677,"2","2","4"
657,-0.635406158211964,-0.146777081332462,-0.0561758289751163,0.157531935896503,"2","2","4"
658,0.193201584664298,0.815551329118051,-0.310113205364343,-0.396646963511514,"2","2","4"
659,-0.299956996502077,0.536134196606218,-0.274219998427851,-0.536307859784715,"2","1","2"
660,-0.978326579135935,-2.31824486785864,2.39591870186644,2.79434772296122,"2","1","2"
661,-0.033200618865648,-2.09592970644551,3.9738243932192,2.8728840828947,"1","1","1"
662,0.195515417813874,1.65201575745311,-3.21054483648437,-1.95635589413913,"2","2","4"
663,-0.264020602245424,1.83988831843425,-2.06187365462346,0.371109951504116,"1","1","1"
664,-0.740106376007758,0.0600657918915851,-0.0368550526858857,1.06122847380109,"1","1","1"
665,-1.71345772411328,-0.995944558761374,1.12163295620364,3.30396911778185,"1","1","1"
666,0.86331660662907,0.729724491712147,-1.66957276715091,-2.68825793495328,"2","2","4"
667,-1.34616324449086,-0.290820833507342,-0.173235306551063,3.61312142976719,"1","2","3"
668,2.10084169543498,1.04751288587347,0.895627336136993,-1.82739723847228,"1","1","1"
669,0.676004689301286,-1.07908462369721,2.65429810903195,-0.450145261776978,"1","1","1"
670,0.440243797753137,-0.116523268035062,-0.288863614229761,-0.33098477299383,"1","2","3"
671,-0.776087086806948,-2.26451449256684,1.90061335690763,4.04439626654863,"1","2","3"
672,-1.65510072555544,0.0297677409745286,0.0943254142526724,1.01791695428738,"2","1","2"
673,0.224388380975499,-3.86951617162599,4.15660257239427,2.01890661637987,"2","2","4"
674,-0.456860357741246,-0.451884853722723,1.15082513413892,1.38968898468176,"1","1","1"
675,0.225898526630517,0.0960308535960143,-1.91454200878965,-1.53415752980252,"1","1","1"
676,-0.905169863226062,-5.04821583016741,4.91291722606666,6.51849849319965,"1","2","3"
677,0.868805208384567,-1.51454031557902,-0.498296317342723,1.11301170297834,"1","2","3"
678,0.731613455389724,-0.641882242705924,0.782649770582922,0.470178228753145,"1","2","3"
679,-2.71117454286383,0.383704236688277,-1.82928945148789,1.55189451566136,"1","1","1"
680,0.245194738198305,0.367270363479322,-0.0822505518125697,1.10446567275975,"1","2","3"
681,-0.129653284548057,0.105710829153151,0.426716804543477,1.2858469518354,"1","2","3"
682,1.42392060209405,0.0613634830924202,-1.18144405894232,-0.966791831088467,"1","1","1"
683,-1.80640994365784,0.927914517764097,-3.19115930216986,1.85996949800709,"2","1","2"
684,0.366806605170666,1.36942617212481,-0.881220854793475,-0.613212185309298,"2","2","4"
685,0.208150974278867,1.26519538765824,-1.78942571699201,0.0966066926326458,"1","2","3"
686,0.574225302068264,-1.55674245861765,1.85227745517242,1.06836976985317,"1","2","3"
687,1.36480766520861,-1.83326053127668,3.54861303038191,-1.81328353827527,"1","1","1"
688,0.804495746358805,1.0907398319219,-0.13004536066687,0.463218651896305,"1","2","3"
689,-0.497940689711964,-1.06793448733653,1.89980726056487,-0.813125222956821,"2","1","2"
690,0.765229314106621,0.606693040776876,1.39971240157999,-1.95944210049004,"2","2","4"
691,-0.636746793041902,1.45436337042594,-3.24616844910981,0.369759410730196,"1","1","1"
692,-0.30694909871164,1.15558899578003,-0.476343300166461,-0.295565112985301,"2","1","2"
693,1.03158885033873,0.044847495509095,0.589481166676108,-1.23531932345323,"1","1","1"
694,0.982719338455867,-0.650471134664957,-0.9383139907047,0.236818323832162,"1","2","3"
695,0.383638338098839,-1.43814271485015,2.0021545986388,0.208991733080485,"1","1","1"
696,-0.422745427982173,1.08873709683345,-0.612922277436849,-1.25853598893126,"2","1","2"
697,-0.344101676695276,-0.111654848761708,1.51470508600796,-0.95863950945136,"2","1","2"
698,-0.543247814351041,0.274496404233057,-0.212885767350349,-1.05034312718146,"2","1","2"
699,-0.91741896297915,0.906852785723492,-1.62749120022629,1.95044503203192,"1","2","3"
700,-1.38316701735354,0.275698076338447,-0.950763047481752,3.28748431429152,"1","1","1"
701,-1.62206235726964,2.763184068952,-4.66413426549158,1.77350495036557,"1","1","1"
702,-1.7412059356162,-1.33373191019517,1.67799236163653,3.17225549485802,"1","2","3"
703,-0.0020426414858127,-1.12126611841857,1.07289261400398,1.50480982906215,"2","2","4"
704,-1.31866513640855,-0.154097054335138,-0.178647773391691,1.76688841568784,"2","2","4"
705,1.25990671997077,0.873802153165159,0.143644565177355,-3.67582734902703,"2","1","2"
706,-0.272063844814711,0.0176940277375014,0.42142622270793,-0.153305488940027,"2","2","4"
707,0.260012452764162,-0.590396469290457,0.536311745211101,-1.22622038655545,"2","2","4"
708,-1.22536132921195,3.19392965431278,-3.39734691064391,-2.30515782630603,"1","2","3"
709,-0.351636645971249,-1.27903194582719,1.24646204784372,-0.0944117136941407,"2","2","4"
710,0.978774180247079,0.664946818508332,-1.08119714199088,-1.44519806719272,"2","2","4"
711,2.52651071597833,1.80141918422101,0.902568072922644,-3.13012013809792,"2","2","4"
712,0.958691339212217,-0.267999551256805,1.51853822710892,-2.61151238465091,"2","1","2"
713,0.234652461504425,0.0484740454809827,-1.44320154904482,0.775682952711209,"1","2","3"
714,0.123984763831768,1.88867769114237,-2.09847967278271,-1.93858757382635,"2","1","2"
715,-0.278705858460644,-1.62279566706516,2.02406230521186,1.89745577991988,"1","1","1"
716,-1.74293721546295,-2.074369776113,1.70295304295595,3.95337374978568,"1","1","1"
717,0.15608824831653,1.90393305082599,-2.23306057595929,-0.390629299509087,"1","2","3"
718,-0.083917448305724,-1.25255895480129,-1.9076062576547,3.55873384456861,"1","2","3"
719,2.84288066691626,1.92074905554988,-2.19664494952821,-0.993317236612521,"1","2","3"
720,-0.0684025962894985,0.710407971967112,-1.41479130342403,2.08525187785711,"1","1","1"
721,0.443006654217811,1.43630184590221,-1.38791888144487,-0.438610887164425,"1","1","1"
722,-1.15784653269393,1.6334339093831,-1.63763135551044,-0.0735546080287723,"2","2","4"
723,-1.9519120125075,1.79045556114556,-3.49091972153465,1.18957024595808,"2","1","2"
724,-1.51333451066383,-1.95404686804184,2.7950714017631,2.61078097734872,"1","1","1"
725,-0.237334590353026,-1.08469583497941,0.2091942181005,3.65175637605155,"1","2","3"
726,-1.28291162677955,2.34205693835204,-2.22428095770794,1.73170017152444,"1","2","3"
727,-0.421826717163758,2.93286938847911,-1.48163569022559,-0.104831176606189,"2","2","4"
728,-4.29910333363413,-1.92260690295906,-0.884838027445862,6.36143121821026,"1","2","3"
729,0.989112783020702,-1.4557174040143,1.77563373666952,0.854775361552581,"1","2","3"
730,0.333609829231944,-0.733476078310364,1.43318874917088,-2.44194789421739,"2","1","2"
731,0.318588136486877,1.71865944074818,-4.68886682203626,-2.1021280103857,"1","1","1"
732,-2.14879627442686,0.285080417932914,-3.60893392827091,1.0635144678475,"2","2","4"
733,1.57732739419969,0.225090331009583,0.365016345122609,-1.36897487476002,"1","2","3"
734,-1.36075504839296,1.8001922875277,-2.65540814385326,1.17325258683869,"1","1","1"
735,-0.720616107650429,-1.87016391674177,2.37934689290718,-1.05551736948368,"2","1","2"
736,-1.36503472601978,-0.00223739753528695,-0.831906847114315,1.78020178459889,"1","1","1"
737,1.55602767773121,-0.305509081553654,1.91564729605234,-2.85585997351455,"2","1","2"
738,-0.795410156305462,-0.542655144325489,-0.511070873592158,3.09060353161846,"1","2","3"
739,-1.13336871231035,-0.110833348044439,-1.28967419799428,0.875790895756884,"2","2","4"
740,0.0108562814331409,1.94427432799973,-2.85677019525651,-0.241400761432031,"1","2","3"
741,0.754508580110554,0.0559972475315705,-1.87454347998472,-0.647845338422837,"2","2","4"
742,0.639039100475306,0.469214173134822,-0.766660277479069,0.63444764316644,"1","2","3"
743,1.06677895335836,0.534514404955097,-1.64327520305023,-1.27245642264638,"1","1","1"
744,-1.08092519532236,-1.57535941278917,0.680250244368443,3.88621411253062,"1","2","3"
745,0.585771163072725,-1.03906812395219,2.34984995289986,-2.88724723181637,"2","1","2"
746,-0.196368580890918,0.220104808144708,0.993787254398422,-0.381243892042346,"2","1","2"
747,-0.645037977403207,-0.8456909425513,0.798543627030972,1.88495442718978,"2","2","4"
748,0.0401736258381968,1.8048704239781,-2.72088339699663,-0.0554540630561589,"1","1","1"
749,0.0883878671835893,-0.446764522681286,0.977447809921341,-1.46697610806036,"2","2","4"
750,0.00157171805848038,0.815298764025655,-1.3590975130493,-0.220611961314915,"1","1","1"
751,-0.447156806319323,0.0390798552560922,0.119450495971578,0.969416460151255,"1","1","1"
752,0.146483055377917,-0.209554154959473,0.766092276413855,1.58188380016888,"1","1","1"
753,-0.0555983521166419,-0.138366988410724,0.357098347070689,0.522320073220566,"1","1","1"
754,-1.34962319232069,0.311806709630185,1.20385124103258,2.24983957213356,"2","2","4"
755,0.614711924337179,0.271204466510968,-0.154244299415672,-0.0169017976815865,"1","2","3"
756,-0.252922213069398,2.16337814552838,-1.45155456842862,-0.031261541133177,"1","2","3"
757,-0.331390140471204,0.0203009814699468,0.183072082522694,0.788937603972738,"1","1","1"
758,-0.517585571998464,0.503804373715918,-0.490596957284947,0.813821200306858,"1","1","1"
759,-0.642924032040635,-0.372326542003702,-0.645784499744373,1.8423126402849,"1","2","3"
760,-0.204750974967934,-1.37348933291836,1.34083579359774,2.50817859596646,"1","2","3"
761,1.33198007716168,1.3559727271325,-0.4977616814268,-3.19571370377896,"2","1","2"
762,-0.325255614657653,-0.519538855371769,0.449520309360742,2.08262346940144,"1","2","3"
763,-0.878804752271476,0.159852704494645,0.244767599091233,-1.5015419743269,"2","1","2"
764,0.502923994330851,0.533002730886138,-0.424152527087132,-0.130680985491045,"1","2","3"
765,-1.25402052839985,-0.832843473358303,1.04879946757331,1.56257513692568,"1","1","1"
766,1.10317132672307,0.331635465793763,-0.220952421940003,-1.56190677919585,"1","1","1"
767,1.55557719886631,2.6740849232738,-1.62322682664649,-4.31892837214096,"2","2","4"
768,0.21566195684309,1.51535493030762,-2.61120486426729,-2.77736888800839,"2","1","2"
769,0.0557927832032398,-2.25448059724309,2.58505194571228,0.335663944305336,"2","2","4"
770,1.84569596403296,0.981002941925633,-1.51352362712319,-3.24067211976728,"1","1","1"
771,-1.23106265741396,-0.0845933976058246,-0.870823444263408,0.971881158477756,"1","1","1"
772,-0.892124888731333,0.136449536797568,-1.10663076433299,-0.512842283888882,"2","1","2"
773,-0.260942273645431,1.0781236591115,-0.772208719525547,-0.882117906410066,"1","1","1"
774,0.426592204847964,-0.711370489632331,1.43513621929377,-1.16098494869197,"1","1","1"
775,0.500889513070325,0.421853934994857,-1.09966917363876,-0.491169145104263,"1","1","1"
776,2.06736648108873,-1.66828089911386,3.70862499586943,-1.95268104263396,"1","1","1"
777,3.15796317064278,-2.19794064314849,8.49224971553992,-0.656611144034277,"2","2","4"
778,2.00333489870689,-1.0410169941043,1.00509396257843,-3.97627493098307,"1","1","1"
779,1.11293206952093,2.21548041950766,-1.73535497326207,-4.10853856216285,"2","2","4"
780,-0.331222052194997,1.25395866267383,-1.83476813834407,-0.669662804170968,"2","1","2"
781,-0.672060847458155,-0.970134133895873,-0.128199754534205,2.74744598794961,"1","2","3"
782,0.9422174853414,-0.248605197392949,1.69139547958408,-2.11668519850018,"2","2","4"
783,-1.20548868238232,1.10752528134484,-3.30131104246865,0.0289183697691811,"1","2","3"
784,0.119249551475281,1.36394161976507,-1.4622258539821,-0.791167517767313,"1","2","3"
785,1.36324628705054,-2.33072779875712,3.10890886497429,1.96015936089479,"2","2","4"
786,-1.08513106270915,0.590394251498715,0.42022097825444,2.61273226584054,"1","2","3"
787,1.18079074948281,0.596699089354572,0.804405864267024,-2.54887670891385,"2","2","4"
788,-1.46246985052574,-0.974303227678856,1.87050950223843,1.26221241106823,"2","1","2"
789,-0.0261399698046885,0.894579921327348,-0.339586729727923,-0.477861447000955,"2","1","2"
790,0.49964619175929,-0.201419746925729,2.03180269164674,-1.32640624672767,"2","1","2"
791,-1.61601625012746,0.360119698563369,-0.669806849114779,1.09206386532744,"2","1","2"
792,2.34269998923028,-2.63300357679204,6.59716855936017,-5.22027070425054,"2","1","2"
793,-0.724562889714819,-1.114312746466,4.31718025577541,-0.277460632676556,"2","1","2"
794,-0.431739407157864,-0.34696978851526,-0.302533441795731,0.867746548234872,"1","1","1"
795,0.0693596544677871,-0.646122972949311,0.545564295858624,0.634961390648888,"2","2","4"
796,0.684510482436904,0.463130589153727,-0.00844795751102823,-2.90885337484059,"2","1","2"
797,-0.700108748396157,0.767611090811433,-1.66701473254623,1.05084370114682,"1","2","3"
798,3.44919485399696,-4.46323298016116,4.47120398503778,2.48528926187355,"1","2","3"
799,2.42041692066554,-0.250368800568083,2.02630527942705,0.0854658160706079,"1","2","3"
800,-0.246697094922014,0.501317811441638,-0.860351530380184,-1.72590586434662,"2","1","2"
801,0.529494702344599,-0.26536662209687,1.07816682957756,0.135768694130865,"2","2","4"
802,-0.522712898408092,-0.442372405439012,0.257365523214799,1.23553446860467,"1","1","1"
803,-0.995497092330482,0.121678854418043,0.106441933645451,1.15005060174939,"2","2","4"
804,-0.22900865900116,-0.813039947575818,0.269390251095493,5.57496494587188,"1","2","3"
805,-0.985332822055628,-1.05196144006396,2.53885724120254,2.97589182979089,"1","1","1"
806,0.681859012730599,0.690977295165245,-1.72612097296427,-3.45787040915954,"2","1","2"
807,-0.75338069276453,0.610191686836707,-1.32966497729653,-2.03078970272385,"2","1","2"
808,0.824428886954269,-0.537105477157378,0.498724593982338,-1.31268064470983,"2","2","4"
809,-1.41376433097632,-0.0768262921747739,-2.23184612191438,3.58369549921102,"1","2","3"
810,10.8460994810618,4.37996604184158,1.95323227602439,-11.7643068095629,"1","2","3"
811,-0.274657142997434,-1.86518079358991,2.91958383208506,2.58375543890391,"1","2","3"
812,-3.20203493852656,-0.294337079860338,1.05295670867412,2.92240900431595,"2","2","4"
813,1.48913846909517,0.362934741002533,1.37358289447273,0.317927869934538,"1","1","1"
814,0.277203528298483,3.0562007557551,-0.701195844393098,-0.392005479164799,"2","2","4"
815,0.780873067866927,0.0494291010186206,0.0227739902972522,-0.138269019588328,"1","2","3"
816,-1.39905806870237,-0.759179712558204,0.769582381492433,1.23644844206514,"2","2","4"
817,-0.436338819915312,0.421136839713966,0.571897361965586,0.460024998485035,"1","2","3"
818,0.453227285629483,-0.479013835219833,0.625031952188493,0.686314202848922,"1","2","3"
819,-0.0185756575595431,2.54593102457801,-4.1521806189749,-2.16673850019749,"2","2","4"
820,-2.96771145809126,-0.469985447262845,-0.972384777017327,3.81300972993915,"1","1","1"
821,1.84079346606461,-1.22942062934855,2.6418326682402,-2.02120320220516,"1","1","1"
822,0.634268723762344,1.31852488742336,-3.46775206725564,-0.147228659362271,"1","1","1"
823,-0.444385468009627,0.976646929715251,-2.31633976224495,1.10397669926684,"1","2","3"
824,0.544203031468817,-1.04844618098351,0.829583397797717,1.23228211393421,"1","2","3"
825,-1.45697268314067,3.90859185071171,-3.49702730799291,-2.79039968821585,"2","2","4"
826,0.926759723167681,0.384813990132241,-0.000266304702800604,-2.41191469172718,"2","2","4"
827,-2.00488540072098,-1.95509069497636,1.14956381832537,1.88156905369535,"2","2","4"
828,-0.325885983810996,-0.121194631114914,-0.254283890980625,1.1634101858087,"1","1","1"
829,0.140159876281577,0.504350624616892,-0.239348326676758,0.257177815090794,"1","2","3"
830,-1.14951155614546,0.879363823018577,-1.50296385928912,0.354419726886477,"2","2","4"
831,0.448448148706128,1.13482032930325,-0.694087934483157,-1.3118402205763,"2","2","4"
832,-3.11931388091445,-2.38031507087923,-1.44685226199591,6.6094427536334,"1","2","3"
833,-0.865777892023904,1.10500783385736,-0.904199252155937,1.77132216202027,"2","2","4"
834,-0.8978219143037,1.19277323831478,-1.86520950650205,0.278447602757852,"2","2","4"
835,-1.4826192900304,-0.11366198173954,-0.242962246549803,3.41691648323879,"1","1","1"
836,-2.1588137172014,-0.447417788013972,-0.297281677392315,3.28091866145975,"2","2","4"
837,-1.192209659297,0.242434637803041,-1.19429866661426,0.858502086260816,"2","2","4"
838,-0.609569232526737,0.256294064801836,-0.651197942673754,0.397741668844664,"2","2","4"
839,3.57490106385716,3.79944691875501,-3.36204737574,-6.12305888604262,"1","1","1"
840,-0.542697298235289,-0.229474894357039,-0.158716127756958,3.39984868357793,"1","2","3"
841,0.0938519903593308,-0.592662215757335,0.739261896393265,-1.3299433103107,"2","1","2"
842,-0.855891675035226,-1.49197370066474,2.36392197361436,2.40936087869828,"1","1","1"
843,1.30524270217944,-1.44619224247896,4.10048626674572,-3.72606935601772,"2","1","2"
844,0.159455951515461,-0.881303196571551,0.513432508795181,0.91759456476201,"2","2","4"
845,-1.28218390253435,-1.11811463323285,0.188293129273162,2.57051820963004,"2","2","4"
846,0.0884828720238412,1.08047479928055,-2.33137167133685,0.708837276703091,"1","2","3"
847,1.30723186725104,0.233521951321345,0.556374629395947,-3.23432545645576,"2","1","2"
848,-1.45380932328023,-0.283984997999971,-0.0290368623929611,1.43285777831208,"2","2","4"
849,-0.050412396906633,0.248224611045749,-0.819628417281132,-1.59903755978804,"2","1","2"
850,0.722352261190362,-0.257674852051552,1.13225215008214,-2.03115067232717,"2","1","2"
851,-1.89031152595477,-3.46798559705205,4.22448777558768,2.79323519731447,"2","1","2"
852,2.73327231714686,-1.12942496364681,2.29991733367328,-2.28041899358111,"2","2","4"
853,0.582065960115423,-0.51659326542375,0.0969387281266291,0.343913289130565,"1","1","1"
854,-0.480225922161797,0.298466323736109,-1.05656870859884,-0.209195047577041,"2","1","2"
855,-1.4637075566576,2.17137912284713,-2.46177560101889,-1.18745374702492,"1","2","3"
856,-0.562353758869149,0.91060525697972,-2.09149365236017,1.8672489282266,"1","2","3"
857,-0.338165755761811,-0.124645075465385,-0.336005435197398,1.0813297257058,"1","2","3"
858,-0.620727969553917,1.3528715938553,-3.48071109603533,0.420090931147856,"1","1","1"
859,0.739801591806925,-0.578443746324588,0.255045843960796,0.222271891064442,"1","1","1"
860,0.281251875803939,0.566840143831779,0.0923569838861611,-1.57313456442527,"2","2","4"
861,-2.21274387455609,-1.41739455643128,4.25004339766436,-0.526579955118272,"2","1","2"
862,1.16233584917447,-0.0208216277216594,-1.88301718254014,-1.27769569931932,"2","2","4"
863,-0.48190091718159,-0.164028765023037,-0.936177498245946,0.94402640071119,"1","2","3"
864,-1.40905204791298,-0.209102149595549,0.212601159613425,2.80988093375599,"1","2","3"
865,-0.831330328460622,1.86794663219947,-3.20559593132546,1.33910466672566,"1","2","3"
866,0.885165592088213,0.459086655845568,-1.22177955532099,-1.18068027008327,"2","2","4"
867,-0.0278875955541708,-0.302546024659102,-0.162365367958414,0.204045091661166,"2","2","4"
868,0.269047954615468,0.394450112349869,0.97431125721055,-2.14308187416775,"2","1","2"
869,1.49432206105876,1.98070719572027,-1.84178046529075,-3.25547798235191,"2","1","2"
870,-2.54362071368633,-2.79803799129514,4.73210446537932,3.32500641068659,"2","1","2"
871,-0.389962527810473,1.35125195769475,-0.876441469745004,-1.68967963772888,"2","1","2"
872,-0.17572289133252,2.14720899370543,-2.84374698496134,-0.325368474730629,"1","1","1"
873,-0.103325484041472,-1.03536394494233,1.45913605737228,1.12501544366912,"1","1","1"
874,-0.427848500662822,-0.528252414905012,0.713216985177837,0.705674304506976,"1","2","3"
875,-1.48609217490025,-2.12516196275625,2.99094630925249,3.60840974820548,"1","1","1"
876,0.119239900092151,-1.27077526806064,0.530942223004854,0.0944936196209615,"2","2","4"
877,1.04811907257653,0.281449716033541,0.435070119714393,-1.45383260619857,"2","2","4"
878,0.623971654400801,-0.874346738245603,1.95176112391019,-0.264402938113891,"1","1","1"
879,0.916667225859641,0.708915602704422,-1.93643914807955,-0.50040813894757,"1","2","3"
880,0.33734712679398,-0.015232939355644,0.620029255592559,-1.17651922229107,"2","1","2"
881,1.95454136209095,0.943497693906781,-0.484312970842707,-2.40670729694127,"1","1","1"
882,0.140334625093515,1.42117876222336,-0.935460881295714,-1.14703725877063,"2","1","2"
883,0.31411982800669,1.01439668702744,-1.7209229345423,-0.321014461158034,"2","2","4"
884,-2.866278499074,-0.785634759114475,-0.704136148586074,4.20018294645699,"1","2","3"
885,-0.935248562818317,0.120488655538908,-1.22510977612191,-1.83812329552594,"2","1","2"
886,-0.410547141652331,-0.578679853429938,0.497119238850203,1.98099904271834,"1","2","3"
887,-0.760007318793868,0.402158187139114,-0.31521625531523,-0.0479320015473091,"2","2","4"
888,-0.0390324414574085,0.51508834309738,-0.770054803962267,-1.30659167179814,"2","1","2"
889,-2.2687464785387,-3.08890004903003,4.4404104726287,3.23747900740047,"2","2","4"
890,-1.53819496660841,0.637522194115453,-3.0341246982138,2.0230478514755,"1","2","3"
891,1.05576207277428,0.747809517862248,-2.19735455920137,-1.61252999552819,"1","1","1"
892,0.394363675985749,-1.00370880486271,1.13558056411483,-0.383401579687189,"1","1","1"
893,-0.0673066499210991,-0.807154874332602,0.863975129070269,-0.108522050732013,"1","1","1"
894,0.536263163782807,1.20783978462585,-2.16723620387534,0.54211705310066,"1","2","3"
895,0.987470281357794,-0.25994836638831,0.684196291156528,-3.98772256615815,"2","1","2"
896,-0.536199854289531,-1.0931628625627,1.59855803507199,0.859396388105101,"1","1","1"
897,0.0677398354220449,-0.460477190839539,0.475184093393902,-0.00593500059699997,"1","1","1"
898,-0.623050164685124,0.651360288671174,0.401468073688924,-1.31402429111523,"2","1","2"
899,-1.17443611280443,-1.12781252727471,0.556757101768732,1.10394322108371,"2","1","2"
900,-2.01457902977043,-1.74582461041948,2.42290135275144,1.61521492836963,"2","1","2"
901,-0.283948580288272,-0.788182071460533,1.47308637180077,-0.0719553339149107,"2","1","2"
902,-2.1912364279708,-0.894094591010466,-1.14837917145029,4.17503038791336,"2","2","4"
903,-0.667649398256493,1.08183133280768,-0.617455843853055,-0.782473882568735,"2","2","4"
904,1.02946297227156,0.633834498661443,-1.50871580200172,-1.5503084976486,"1","1","1"
905,-2.62295987173568,10.7418220701278,-15.3505543540936,-8.46607500345955,"2","2","4"
906,1.17108159612857,-0.10589224444003,-0.970757217384965,-2.92053368089151,"1","1","1"
907,0.420545426087105,0.477517147724058,-1.36341873710389,1.10689447053536,"1","2","3"
908,-3.2953815222367,-0.944343914283852,0.12743168299285,3.88930122259371,"2","2","4"
909,-2.61367445888223,-0.536725876610749,-1.0728870929531,1.71868620735456,"2","1","2"
910,-2.56797550173682,-0.590866527004606,0.168789955377416,0.976662388951759,"2","2","4"
911,-0.312236267237572,-0.214496268913975,1.30568061800037,0.879229281776596,"1","1","1"
912,0.537723195470771,-0.429499464353145,0.660670812704808,-2.78636697927296,"2","1","2"
913,0.244189800764059,-1.51335619937796,2.55281327074539,-0.500347480008868,"1","1","1"
914,-0.119527757159978,-0.42881810881625,0.762275583395108,1.00504855768952,"1","1","1"
915,-2.16899170337071,-0.291837146478387,0.00675429451806682,1.9387672360228,"2","1","2"
916,-1.06608653211216,-0.659422524291643,-0.575349594449323,1.86150574047815,"1","1","1"
917,-0.335194292573449,-1.44260876414935,0.652028245855715,-1.77518866587649,"2","1","2"
918,0.462203653197866,-0.33988169106449,0.638250038766428,0.0381685619439369,"1","1","1"
919,-0.0538634049225472,0.72111317391917,-1.43416927701437,1.26145384901838,"1","2","3"
920,1.07447179582431,-0.0936450926113515,-0.125220198043255,1.22561980209181,"1","2","3"
921,-2.34047656466884,-0.256167326226141,-1.81889370841453,3.43528465888549,"1","2","3"
922,0.264904159591709,0.153418710704866,0.67600578220299,-2.02977973082452,"2","1","2"
923,-0.0719894826988668,2.06833366034286,-3.12311033728426,-0.218119308369758,"1","1","1"
924,-0.713324653617961,-2.6064215743946,6.65789430535775,1.74571876356017,"1","1","1"
925,-1.04785496982242,-1.06440648987718,-0.519858372516594,1.73645452717914,"2","2","4"
926,-3.46323467192841,0.144400704807247,-1.94587186449413,2.32332755165329,"2","2","4"
927,0.280933463306469,-0.303526375573911,-0.0572550159175327,1.59519499014918,"2","2","4"
928,0.0105229626495878,1.19885026419828,-1.0372095535916,1.57000259089858,"1","1","1"
929,-0.471468385005072,-0.651106076861368,0.290522499811952,2.00940425574204,"1","2","3"
930,0.523743616992336,-0.54888182884181,0.824456711096092,-0.895576946832027,"1","1","1"
931,0.993484291030664,-0.794149756286793,1.50126614746606,-2.61929528650038,"2","1","2"
932,1.15968873047767,-0.716218777167039,1.93391360857564,-0.215370068619135,"1","1","1"
933,0.151960876620466,0.833329682673032,-1.17257645644294,-2.10776830948885,"2","1","2"
934,1.5347634496206,1.08461028478205,-0.51661832596195,-2.82396094850075,"2","2","4"
935,-3.52360592178133,-0.224175304491767,0.943976115624867,5.22374102774356,"2","1","2"
936,0.0661780116849145,-0.452118734820558,0.966019511020374,-0.320275175883752,"2","2","4"
937,0.949517396892561,0.471467249189439,-0.576517446102469,-2.31579106027812,"1","1","1"
938,1.00478341709224,-0.0442709315105596,0.239190249364066,-2.27874078280094,"2","2","4"
939,0.595537362618512,0.708820163984761,-0.153721365103594,0.810196454938165,"1","2","3"
940,2.02702001863098,0.121840910257006,2.07544603115662,-4.32451847409163,"2","1","2"
941,2.02138526202224,-6.53063605158035,12.766876713226,-4.84719226432763,"2","1","2"
942,1.73287960779662,1.33392382200063,-0.707400265685329,-1.22416627784699,"1","2","3"
943,-1.50764940832862,1.11382375419632,-3.27278114797736,2.91568388048221,"1","1","1"
944,-0.30037170476275,0.235499187202276,-0.411269476514381,-0.701088898685089,"2","2","4"
945,-0.506739345972138,-1.26882201184341,1.55380940779839,-1.16625120350279,"2","1","2"
946,-0.149787065119713,-0.187679013864938,-1.18506029238729,0.695857151103018,"1","1","1"
947,0.984992980203617,-0.845506751235265,2.63921058602639,0.489037958139162,"1","2","3"
948,0.950858065141337,1.00640563928114,-0.452241228694506,-0.212190665689652,"1","2","3"
949,2.89251381858739,0.270799319952549,-1.57966432634445,-3.11401108701045,"1","1","1"
950,0.175009301499805,-0.393872402233861,-0.262465067646776,1.18110185976206,"1","2","3"
951,-0.0441252796821883,0.738849077117167,-1.48337838196704,-0.0859618288883987,"1","1","1"
952,0.573676721957908,1.53265196968139,0.233221491592555,-0.38991052997716,"2","2","4"
953,-0.797680276617099,0.218470770598653,-1.51070388337682,2.0830267234519,"1","2","3"
954,0.0857902609997872,-0.241366900209895,-0.489196958427762,1.58539090183415,"1","1","1"
955,-0.457454654016201,-0.274264327884337,0.483894793789117,0.888820172852276,"2","2","4"
956,-1.36989402349474,0.257296420809213,-3.00084570166001,2.59600227722544,"1","2","3"
957,1.44894654991214,0.767044251098354,-1.46845109373412,-2.68892424621275,"1","1","1"
958,-0.526253683078927,-1.5337617352232,2.05928599176616,0.741722983557366,"2","2","4"
959,0.669446036765718,0.459865886058616,-0.887493367287498,-1.25988883024359,"1","1","1"
960,1.64870174845172,-0.139848585015073,1.23427208021289,-4.18345122993606,"2","1","2"
961,0.196532847047857,0.965540371888943,-1.51241739758971,0.0510564009145575,"1","1","1"
962,0.77123637044257,-2.30333180869418,2.14425387478041,3.79354037111503,"1","2","3"
963,-1.33638724809423,1.29733630423446,0.885039805952053,1.02506905492251,"1","2","3"
964,-0.841034406260979,-1.0045515031226,1.84473526200023,0.485888181173262,"2","1","2"
965,-1.94518950871643,-2.45049759250083,1.9016529981155,3.13056958402513,"1","1","1"
966,0.795338818212132,-0.239856776912146,0.981588515779323,0.647210233598807,"1","2","3"
967,0.0162673065997832,1.24395133472724,-0.958262741993001,-1.57898508730041,"2","2","4"
968,-0.640261004974666,-1.2318887849389,2.29372416141445,1.99609948759553,"1","1","1"
969,-0.0943162602597922,1.55151878185129,-2.22519911133924,1.84230662349904,"1","2","3"
970,-1.26134278296969,0.52677378888531,-1.20610287785747,1.27284742153068,"1","1","1"
971,0.312457199391576,-0.0522217433189126,0.984470720678152,-0.233268986657198,"2","2","4"
972,0.98855701267053,5.06084907205597,-4.03433746695793,-4.35316768354414,"2","2","4"
973,-1.36552559125952,3.47656867743425,-2.84086514027046,-1.39143886770511,"1","2","3"
974,1.10340835248549,0.652887341734463,-1.01290587307042,-2.26839359444245,"2","2","4"
975,1.41544030827203,0.659284091009058,-0.903280962592094,-0.945868487279564,"1","2","3"
976,-1.1819246528815,-0.832703673094488,1.38383214577395,0.185689157226927,"2","1","2"
977,1.32330252828595,0.693686994589982,-0.620439093944409,-4.81306159569806,"2","1","2"
978,-0.750389101061595,0.583548549409547,-1.06241628185688,0.0666528502102589,"2","2","4"
979,1.75291701053078,0.424868425793496,0.374543130533283,-4.71719733261491,"2","1","2"
980,0.395324081281085,0.394930889717255,-0.610217624837581,0.647036249136,"1","2","3"
981,0.566259548596019,1.36150175426228,-1.53660207132987,-0.997929029615695,"1","1","1"
982,-0.556621546478486,-1.44265714438552,-0.143751631012644,2.0839937190239,"1","2","3"
983,-0.271474471592261,1.28727300101838,-0.687358351250826,-1.00280567298868,"1","1","1"
984,-0.539059508968983,-0.395107925733713,0.445045054328686,1.17972629281491,"1","1","1"
985,-1.15713267298396,0.451883297650773,-2.65783466702571,2.0028502011232,"1","2","3"
986,-0.778927727607831,0.414311662371483,-1.75768058416028,-1.39042280659211,"2","1","2"
987,-0.572767364886753,1.5099140453294,-3.00533386439133,-0.975236973260508,"1","2","3"
988,0.639531982093254,0.283206283741418,0.531228259104384,-2.29131295969887,"2","1","2"
989,2.79462066231374,1.18750931877394,1.95099417531731,-4.81561800132003,"2","2","4"
990,-1.41497319728656,-2.53641818916483,2.17529709448531,2.40834126346629,"2","1","2"
991,3.32121476621118,1.40160501844599,0.20921882743484,-6.14305191406409,"1","1","1"
992,-1.97625752382576,-1.10770339684415,-1.44644734255194,2.98291033973868,"1","2","3"
993,0.500364616893426,-0.00370841412361461,1.08610496347908,-0.893552065239381,"1","1","1"
994,2.14667502844338,-0.690004847353875,1.63063293198067,-2.67859514605059,"1","1","1"
995,6.82112986064844,4.4217483397931,-1.15458627405038,-10.6380915591007,"2","2","4"
996,-0.545549093971294,0.580327564414789,0.341256740965158,-0.506743158809991,"2","1","2"
997,-0.170372014328438,1.18223118490414,-1.99312139101319,1.39192912010722,"1","2","3"
998,0.667533440104249,-0.332194676066025,0.519313526324571,-1.76773741407789,"2","2","4"
999,-1.90347423912586,1.87629416143558,-4.07336834057402,-0.336277254220145,"2","1","2"
1000,-1.18308576067594,-5.88635731133826,8.68089173386532,2.31304372510938,"1","1","1"
